Rk;Player;Code;Pos;Age;Tm;G;GS;MP;FG;FGA;FG%;3P;3PA;3P%;2P;2PA;2P%;eFG%;FT;FTA;FT%;ORB;DRB;TRB;AST;STL;BLK;TOV;PF;PTS
1;Precious Achiuwa;achiupr01;PF;21;MIA;61;4;12.1;2;3.7;0.544;0;0;0;2;3.7;0.546;0.544;0.9;1.8;0.509;1.2;2.2;3.4;0.5;0.3;0.5;0.7;1.5;5
2;Jaylen Adams;adamsja01;PG;24;MIL;7;0;2.6;0.1;1.1;0.125;0;0.3;0;0.1;0.9;0.167;0.125;0;0;;0;0.4;0.4;0.3;0;0;0;0.1;0.3
3;Steven Adams;adamsst01;C;27;NOP;58;58;27.7;3.3;5.3;0.614;0;0.1;0;3.3;5.3;0.62;0.614;1;2.3;0.444;3.7;5.2;8.9;1.9;0.9;0.7;1.3;1.9;7.6
4;Bam Adebayo;adebaba01;C;23;MIA;64;64;33.5;7.1;12.5;0.57;0;0.1;0.25;7.1;12.4;0.573;0.571;4.4;5.5;0.799;2.2;6.7;9;5.4;1.2;1;2.6;2.3;18.7
5;LaMarcus Aldridge;aldrila01;C;35;TOT;26;23;25.9;5.4;11.4;0.473;1.2;3.1;0.388;4.2;8.3;0.505;0.525;1.6;1.8;0.872;0.7;3.8;4.5;1.9;0.4;1.1;1;1.8;13.5
6;Ty-Shon Alexander;alexaty01;SG;22;PHO;15;0;3.1;0.2;0.8;0.25;0.1;0.6;0.222;0.1;0.2;0.333;0.333;0.1;0.1;0.5;0.1;0.5;0.7;0.4;0;0.1;0.2;0.1;0.6
7;Nickeil Alexander-Walker;alexani01;SG;22;NOP;46;13;21.9;4.2;10;0.419;1.7;4.8;0.347;2.5;5.2;0.485;0.502;1;1.4;0.727;0.3;2.8;3.1;2.2;1;0.5;1.5;1.9;11
8;Grayson Allen;allengr01;SG;25;MEM;50;38;25.2;3.5;8.3;0.418;2.1;5.5;0.391;1.3;2.8;0.471;0.547;1.6;1.8;0.868;0.4;2.8;3.2;2.2;0.9;0.2;1;1.4;10.6
9;Jarrett Allen;allenja01;C;22;TOT;63;45;29.6;4.7;7.7;0.618;0.1;0.3;0.316;4.6;7.3;0.631;0.624;3.2;4.6;0.703;3.1;6.9;10;1.7;0.5;1.4;1.6;1.5;12.8
10;Al-Farouq Aminu;aminual01;PF;30;TOT;23;14;18.9;1.7;4.3;0.384;0.3;1.6;0.216;1.3;2.7;0.484;0.424;0.8;1;0.818;1;3.8;4.8;1.3;0.8;0.4;1.2;1.3;4.4
11;Kyle Anderson;anderky01;PF;27;MEM;69;69;27.3;4.5;9.5;0.468;1.4;3.8;0.36;3.1;5.8;0.539;0.54;2.1;2.7;0.783;0.8;5;5.7;3.6;1.2;0.8;1.2;1.7;12.4
12;Giannis Antetokounmpo;antetgi01;PF;26;MIL;61;61;33;10.3;18;0.569;1.1;3.6;0.303;9.2;14.4;0.636;0.6;6.5;9.5;0.685;1.6;9.4;11;5.9;1.2;1.2;3.4;2.8;28.1
13;Kostas Antetokounmpo;antetko01;PF;23;LAL;15;0;3.7;0.2;0.7;0.3;0;0;;0.2;0.7;0.3;0.3;0.4;0.9;0.462;0.3;1;1.3;0.1;0.1;0.3;0.7;0.5;0.8
14;Thanasis Antetokounmpo;antetth01;SF;28;MIL;57;3;9.7;1.2;2.4;0.489;0.1;0.5;0.241;1.1;1.9;0.556;0.515;0.4;0.9;0.51;0.9;1.2;2.2;0.8;0.4;0.2;0.8;1.3;2.9
15;Carmelo Anthony;anthoca01;PF;36;POR;69;3;24.5;4.7;11.3;0.421;1.9;4.7;0.409;2.8;6.6;0.429;0.506;2;2.2;0.89;0.5;2.6;3.1;1.5;0.7;0.6;0.9;2.1;13.4
16;Cole Anthony;anthoco01;PG;20;ORL;47;34;27.1;4.7;11.7;0.397;1.2;3.7;0.337;3.4;8.1;0.424;0.449;2.3;2.8;0.832;0.8;3.9;4.7;4.1;0.6;0.4;2.3;2.1;12.9
17;OG Anunoby;anunoog01;SF;23;TOR;43;43;33.3;5.8;12.1;0.48;2.4;6.1;0.398;3.4;6;0.562;0.58;1.9;2.4;0.784;1.3;4.3;5.5;2.2;1.5;0.7;1.7;2.7;15.9
18;Ryan Arcidiacono;arcidry01;PG;26;CHI;44;0;10.2;1.1;2.7;0.419;0.6;1.5;0.373;0.5;1.1;0.48;0.526;0.3;0.5;0.65;0.1;1.4;1.5;1.3;0.2;0;0.2;1.1;3.1
19;Trevor Ariza;arizatr01;SF;35;MIA;30;27;28;3.3;8;0.411;1.7;4.8;0.35;1.6;3.3;0.5;0.515;1.1;1.5;0.773;0.9;3.9;4.8;1.8;1;0.6;0.7;1.8;9.4
20;D.J. Augustin;augusdj01;PG;33;TOT;57;12;19.8;2.4;6;0.394;1.5;3.8;0.382;0.9;2.2;0.413;0.515;1.5;1.6;0.904;0.4;1.3;1.6;3.3;0.5;0;1.1;1;7.7
21;Deni Avdija;avdijde01;SF;20;WAS;54;32;23.3;2.4;5.8;0.417;1;3.1;0.315;1.4;2.7;0.535;0.502;0.5;0.8;0.644;0.4;4.4;4.9;1.2;0.6;0.3;0.6;2.6;6.3
22;Deandre Ayton;aytonde01;C;22;PHO;69;69;30.7;6.2;10;0.626;0.1;0.3;0.2;6.2;9.7;0.639;0.629;1.9;2.5;0.769;3.3;7.2;10.5;1.4;0.6;1.2;1.5;2.8;14.4
23;Udoka Azubuike;azubuud01;C;21;UTA;15;0;3.8;0.3;0.6;0.444;0;0;;0.3;0.6;0.444;0.444;0.5;0.7;0.8;0.3;0.6;0.9;0;0.1;0.3;0.2;0.6;1.1
24;Dwayne Bacon;bacondw01;SG;25;ORL;72;50;25.7;4.1;10.1;0.402;0.8;2.9;0.285;3.2;7.2;0.449;0.443;2;2.4;0.824;0.4;2.7;3.1;1.3;0.6;0.1;0.6;1.4;10.9
25;Marvin Bagley III;baglema01;PF;21;SAC;43;42;25.9;5.7;11.4;0.504;0.9;2.5;0.343;4.9;8.9;0.55;0.542;1.8;3.1;0.575;2.5;4.9;7.4;1;0.5;0.5;1.4;2.3;14.1
26;LaMelo Ball;ballla01;PG;19;CHO;51;31;28.8;5.7;13.2;0.436;1.8;5.1;0.352;3.9;8.1;0.489;0.504;2.5;3.2;0.758;1.2;4.7;5.9;6.1;1.6;0.4;2.8;2.7;15.7
27;Lonzo Ball;balllo01;PG;23;NOP;55;55;31.8;5.3;12.7;0.414;3.1;8.3;0.378;2.1;4.5;0.482;0.537;0.9;1.2;0.781;0.6;4.2;4.8;5.7;1.5;0.6;2.2;1.9;14.6
28;Mo Bamba;bambamo01;C;22;ORL;46;5;15.8;3.1;6.5;0.472;0.8;2.6;0.322;2.3;4;0.568;0.535;1;1.4;0.682;1.7;4.1;5.8;0.8;0.3;1.3;0.8;1.9;8
29;Desmond Bane;banede01;SG;22;MEM;68;17;22.3;3.4;7.3;0.469;1.7;4;0.432;1.7;3.4;0.513;0.586;0.6;0.7;0.816;0.5;2.6;3.1;1.7;0.6;0.2;0.9;1.8;9.2
30;Harrison Barnes;barneha02;PF;28;SAC;58;58;36.2;5.5;11.1;0.497;1.7;4.4;0.391;3.8;6.7;0.567;0.575;3.4;4.1;0.83;1.1;5.5;6.6;3.5;0.7;0.2;1.6;1.3;16.1
31;RJ Barrett;barrerj01;SG;20;NYK;72;72;34.9;6.5;14.7;0.441;1.7;4.3;0.401;4.8;10.4;0.457;0.499;2.9;3.8;0.746;0.9;4.8;5.8;3;0.7;0.3;1.9;2.6;17.6
32;Will Barton;bartowi01;SF;30;DEN;56;52;31;4.6;10.9;0.426;1.8;4.6;0.381;2.9;6.3;0.459;0.507;1.7;2.2;0.785;0.7;3.3;4;3.2;0.9;0.4;1.7;1.7;12.7
33;Keita Bates-Diop;bateske01;SF;25;SAS;30;0;8.2;1;2.2;0.448;0.2;0.6;0.294;0.8;1.7;0.5;0.485;0.5;0.7;0.667;0.3;1.3;1.6;0.4;0.4;0.2;0.2;0.4;2.6
34;Nicolas Batum;batumni01;SF;32;LAC;67;38;27.4;2.9;6.1;0.464;1.6;4.1;0.404;1.2;2.1;0.579;0.597;0.7;0.9;0.828;0.7;4;4.7;2.2;1;0.6;0.8;1.5;8.1
35;Aron Baynes;baynear01;C;34;TOR;53;31;18.5;2.5;5.7;0.441;0.5;1.9;0.262;2;3.8;0.532;0.485;0.5;0.8;0.707;1.6;3.5;5.2;0.9;0.3;0.4;0.9;2.2;6.1
36;Kent Bazemore;bazemke01;SF;31;GSW;67;18;19.9;2.6;5.9;0.449;1.1;2.7;0.408;1.5;3.1;0.486;0.545;0.8;1.2;0.692;0.4;3;3.4;1.6;1;0.5;1.2;2.4;7.2
37;Darius Bazley;bazleda01;PF;20;OKC;55;55;31.2;5;12.5;0.396;1.5;5.2;0.29;3.5;7.3;0.47;0.456;2.3;3.2;0.702;0.9;6.3;7.2;1.8;0.5;0.5;2.2;1.1;13.7
38;Bradley Beal;bealbr01;SG;27;WAS;60;60;35.8;11.2;23;0.485;2.2;6.2;0.349;9;16.8;0.535;0.532;6.8;7.7;0.889;1.2;3.5;4.7;4.4;1.2;0.4;3.1;2.3;31.3
39;Malik Beasley;beaslma01;SG;24;MIN;37;36;32.8;7.1;16.2;0.44;3.5;8.7;0.399;3.7;7.5;0.487;0.547;1.8;2.2;0.85;0.8;3.6;4.4;2.4;0.8;0.2;1.6;1.7;19.6
40;Jordan Bell;belljo01;C;26;TOT;6;1;13.7;1.2;3.7;0.318;0;0.3;0;1.2;3.3;0.35;0.318;0.2;0.3;0.5;1.2;2.8;4;1.2;0.5;0.8;0.7;1.2;2.5
41;DeAndre' Bembry;bembrde01;SF;26;TOR;51;12;19.1;2.3;4.5;0.513;0.3;1;0.264;2;3.4;0.589;0.544;0.9;1.3;0.682;0.6;2.2;2.9;2.1;1;0.4;1.4;1.7;5.7
42;Dāvis Bertāns;bertada01;PF;28;WAS;57;7;25.7;3.4;8.4;0.404;3;7.5;0.395;0.4;0.9;0.48;0.581;1.8;2;0.87;0.3;2.6;2.9;0.9;0.6;0.2;0.6;2.4;11.5
43;Patrick Beverley;beverpa01;PG;32;LAC;37;34;22.5;2.5;5.9;0.423;1.5;3.8;0.397;1;2.1;0.468;0.55;1;1.2;0.8;0.8;2.4;3.2;2.1;0.8;0.8;0.9;2.9;7.5
44;Saddiq Bey;beysa01;SF;21;DET;70;53;27.3;4;9.9;0.404;2.5;6.6;0.38;1.5;3.3;0.45;0.53;1.8;2.1;0.844;0.6;3.9;4.5;1.4;0.7;0.2;0.9;1.6;12.2
45;Tyler Bey;beyty01;SF;22;DAL;18;0;3.9;0.4;1.2;0.318;0.1;0.2;0.25;0.3;1;0.333;0.341;0.2;0.3;0.6;0.4;0.6;1.1;0.2;0;0.1;0.2;0.3;1
46;Khem Birch;birchkh01;C;28;TOT;67;22;22.8;2.8;5.7;0.497;0.2;0.8;0.25;2.6;4.9;0.537;0.514;1.4;1.9;0.705;2.6;3.2;5.8;1.3;0.7;0.7;0.7;1.7;7.2
47;Goga Bitadze;bitadgo01;C;21;IND;45;3;12.5;1.8;4.3;0.428;0.4;1.8;0.253;1.4;2.6;0.548;0.479;1;1.4;0.738;1.3;2;3.3;0.8;0.2;1.3;0.4;2.1;5.1
48;Bismack Biyombo;biyombi01;C;28;CHO;66;36;20.4;2.2;3.7;0.587;0;0;0;2.2;3.7;0.589;0.587;0.7;1.6;0.448;2.1;3.2;5.3;1.2;0.3;1.1;1.1;2.1;5
49;Nemanja Bjelica;bjeline01;PF;32;TOT;37;3;16.1;2.4;5.3;0.454;0.7;2.3;0.318;1.7;3;0.559;0.523;1;1.4;0.725;0.8;2.6;3.4;1.9;0.4;0.1;0.9;1.8;6.5
50;Eric Bledsoe;bledser01;SG;31;NOP;71;70;29.7;4.3;10.3;0.421;1.7;5;0.341;2.6;5.3;0.496;0.503;1.9;2.7;0.687;0.4;3;3.4;3.8;0.8;0.3;1.6;1.6;12.2
51;Keljin Blevins;blevike01;SF;25;POR;17;0;4.4;0.3;1.2;0.25;0.1;0.5;0.25;0.2;0.7;0.25;0.3;0;0;;0.2;0.4;0.6;0.2;0.1;0;0.3;0.5;0.7
52;Bogdan Bogdanović;bogdabo01;SG;28;ATL;44;27;29.7;6.1;12.8;0.473;3.3;7.6;0.438;2.8;5.3;0.522;0.602;0.9;1;0.909;0.5;3.2;3.6;3.3;1.1;0.3;1.2;2.3;16.4
53;Bojan Bogdanović;bogdabo02;SF;31;UTA;72;72;30.8;5.6;12.8;0.439;2.5;6.4;0.39;3.1;6.4;0.487;0.536;3.2;3.7;0.879;0.6;3.3;3.9;1.9;0.6;0.1;1.8;1.6;17
54;Bol Bol;bolbo01;PF;21;DEN;32;2;5;0.8;1.8;0.431;0.3;0.8;0.375;0.5;1.1;0.471;0.509;0.3;0.5;0.667;0;0.8;0.8;0.2;0.1;0.3;0.4;0.4;2.2
55;Marques Bolden;boldema01;C;22;CLE;6;0;4.8;0.2;0.5;0.333;0;0;;0.2;0.5;0.333;0.333;0.8;1.3;0.625;0.5;0.5;1;0;0.3;0.3;0.3;0;1.2
56;Jordan Bone;bonejo01;PG;23;ORL;14;0;14;1.6;3.9;0.426;0.7;2.3;0.313;0.9;1.6;0.591;0.519;0;0;;0.3;1.4;1.7;1.3;0.1;0;0.2;0.8;4
57;Isaac Bonga;bongais01;SF;21;WAS;40;8;10.8;0.8;2;0.37;0.3;1.2;0.277;0.4;0.9;0.5;0.451;0.1;0.2;0.625;0.5;1.2;1.7;0.6;0.3;0.2;0.6;1.6;2
58;Devin Booker;bookede01;SG;24;PHO;67;67;33.9;9.3;19.2;0.484;1.9;5.5;0.34;7.4;13.7;0.543;0.533;5.1;5.9;0.867;0.5;3.7;4.2;4.3;0.8;0.2;3.1;2.7;25.6
59;Chris Boucher;bouchch01;C;28;TOR;60;14;24.2;4.8;9.3;0.514;1.5;3.9;0.383;3.3;5.4;0.609;0.595;2.5;3.2;0.788;2;4.8;6.7;1.1;0.6;1.9;0.8;2.8;13.6
60;Brian Bowen;bowenbr02;SF;22;IND;6;0;2.5;0.2;0.7;0.25;0;0.2;0;0.2;0.5;0.333;0.25;0.2;0.2;1;0;0.5;0.5;0;0;0;0;0.2;0.5
61;Avery Bradley;bradlav01;SG;30;TOT;27;6;22.3;2.4;6.3;0.374;1.2;3.7;0.327;1.1;2.6;0.443;0.471;0.4;0.6;0.8;0.3;1.8;2.1;1.7;0.8;0.1;1;2;6.4
62;Tony Bradley;bradlto01;C;23;TOT;42;8;16.3;3.1;4.7;0.665;0;0.1;0;3.1;4.6;0.675;0.665;0.9;1.3;0.691;2;3.7;5.7;0.9;0.4;0.7;0.8;1.5;7.1
63;Jarrell Brantley;brantja01;PF;24;UTA;28;0;4.9;0.9;1.9;0.481;0.4;1;0.429;0.5;0.9;0.542;0.596;0.1;0.1;1;0.3;0.6;1;0.5;0.3;0.1;0.3;0.6;2.3
64;Ignas Brazdeikis;brazdig01;SF;22;TOT;13;0;19.2;2.7;6.4;0.422;0.8;2.2;0.393;1.8;4.2;0.436;0.488;0.8;1.1;0.714;0.8;2.6;3.5;1.3;0.3;0.2;0.9;1.7;7
65;Mikal Bridges;bridgmi01;SF;24;PHO;72;72;32.6;5;9.3;0.543;1.9;4.4;0.425;3.2;4.9;0.647;0.643;1.5;1.8;0.84;1.1;3.2;4.3;2.1;1.1;0.9;0.8;1.6;13.5
66;Miles Bridges;bridgmi02;PF;22;CHO;66;19;29.3;4.7;9.4;0.503;1.8;4.4;0.4;3;5;0.593;0.596;1.5;1.7;0.867;1.2;4.8;6;2.2;0.7;0.8;1.6;2.2;12.7
67;Amida Brimah;brimaam01;C;26;IND;5;0;5.8;1;1.6;0.625;0;0;;1;1.6;0.625;0.625;0.6;0.6;1;0.4;1.2;1.6;0.2;0;1;0.8;0.8;2.6
68;Oshae Brissett;brissos01;SF;22;IND;21;16;24.7;3.5;7.2;0.483;1.6;3.7;0.423;1.9;3.5;0.548;0.593;2.4;3.1;0.769;1.4;4.1;5.5;0.9;0.9;1;0.5;1.5;10.9
69;Malcolm Brogdon;brogdma01;PG;28;IND;56;56;34.5;7.9;17.5;0.453;2.6;6.7;0.388;5.3;10.8;0.493;0.527;2.7;3.2;0.864;1;4.2;5.3;5.9;0.9;0.3;2.1;2;21.2
70;Armoni Brooks;brookar01;SG;22;HOU;20;5;26;3.9;9.6;0.406;3;7.9;0.382;0.9;1.8;0.514;0.563;0.4;0.6;0.583;0.5;2.9;3.4;1.5;0.6;0.3;1.1;1.7;11.2
71;Dillon Brooks;brookdi01;SF;25;MEM;67;67;29.8;6.4;15.4;0.419;1.9;5.6;0.344;4.5;9.8;0.461;0.481;2.4;2.9;0.815;0.8;2.1;2.9;2.3;1.2;0.4;1.8;3.5;17.2
72;Bruce Brown;brownbr01;PG;24;BRK;65;37;22.3;3.6;6.5;0.556;0.3;0.9;0.288;3.4;5.6;0.599;0.576;1.3;1.8;0.735;1.7;3.7;5.4;1.6;0.9;0.4;0.8;2.2;8.8
73;Charlie Brown;brownch02;SG;23;OKC;9;1;16.9;1.4;4.8;0.302;0.6;2.3;0.238;0.9;2.4;0.364;0.36;1;1.1;0.9;0.3;1.6;1.9;1;0.4;0.2;0.7;2.1;4.4
74;Jaylen Brown;brownja02;SG;24;BOS;58;58;34.5;9.3;19.2;0.484;2.8;7.1;0.397;6.5;12.1;0.536;0.558;3.3;4.3;0.764;1.2;4.8;6;3.4;1.2;0.6;2.7;2.9;24.7
75;Moses Brown;brownmo01;C;21;OKC;43;32;21.4;3.4;6.2;0.545;0;0;;3.4;6.2;0.545;0.545;1.8;2.9;0.619;3.6;5.3;8.9;0.2;0.7;1.1;1;2.2;8.6
76;Sterling Brown;brownst02;SG;25;HOU;51;14;24.1;2.9;6.6;0.448;1.8;4.2;0.423;1.2;2.4;0.492;0.584;0.5;0.6;0.806;0.7;3.6;4.4;1.4;0.7;0.2;0.8;1.9;8.2
77;Troy Brown Jr.;browntr01;SF;21;TOT;34;0;15.4;1.8;4.2;0.431;0.6;2.1;0.314;1.2;2.2;0.541;0.507;0.4;0.6;0.714;0.6;2.5;3.1;0.9;0.3;0.2;0.6;1.4;4.7
78;Jalen Brunson;brunsja01;PG;24;DAL;68;12;25;4.8;9.2;0.523;1.2;2.9;0.405;3.6;6.3;0.578;0.588;1.8;2.2;0.795;0.4;3;3.4;3.5;0.5;0;1.2;1.6;12.6
79;Elijah Bryant;bryanel01;SG;25;MIL;1;0;32;6;13;0.462;1;5;0.2;5;8;0.625;0.5;3;3;1;2;4;6;3;0;1;4;4;16
80;Thomas Bryant;bryanth01;C;23;WAS;10;10;27.1;5.9;9.1;0.648;0.9;2.1;0.429;5;7;0.714;0.698;1.6;2.4;0.667;1.8;4.3;6.1;1.5;0.4;0.8;1.1;3.1;14.3
81;Reggie Bullock;bullore01;SF;29;NYK;65;64;30;3.8;8.6;0.442;2.5;6.1;0.41;1.3;2.5;0.521;0.587;0.8;0.8;0.909;0.2;3.2;3.4;1.5;0.8;0.2;0.7;2.2;10.9
82;Trey Burke;burketr01;PG;28;DAL;62;1;14.7;2.4;5.7;0.428;0.9;2.6;0.354;1.5;3;0.492;0.51;0.8;0.9;0.895;0.2;0.7;0.9;1.3;0.6;0.1;0.5;1;6.6
83;Alec Burks;burksal01;SG;29;NYK;49;5;25.6;4.3;10.2;0.42;2.1;5;0.415;2.2;5.2;0.425;0.522;2.1;2.4;0.856;0.4;4.2;4.6;2.2;0.6;0.3;1;2.1;12.7
84;Jimmy Butler;butleji01;SF;31;MIA;52;52;33.6;7;14.2;0.497;0.5;2;0.245;6.6;12.2;0.538;0.514;6.9;8;0.863;1.8;5.1;6.9;7.1;2.1;0.3;2.1;1.4;21.5
85;Bruno Caboclo;cabocbr01;PF;25;HOU;6;0;6;1.3;2.8;0.471;0;0.8;0;1.3;2;0.667;0.471;0.2;0.3;0.5;0.5;1.8;2.3;0.2;0;0.3;0.7;1;2.8
86;Devontae Cacok;cacokde01;PF;24;LAL;20;1;4.9;0.9;1.5;0.586;0;0;;0.9;1.5;0.586;0.586;0.3;0.6;0.455;0.6;1;1.6;0.1;0.3;0.2;0.3;0.4;2
87;Kentavious Caldwell-Pope;caldwke01;SG;27;LAL;67;67;28.4;3.3;7.6;0.431;1.8;4.4;0.41;1.5;3.2;0.46;0.549;1.4;1.7;0.866;0.4;2.3;2.7;1.9;0.9;0.4;1;1.7;9.7
88;Facundo Campazzo;campafa01;PG;29;DEN;65;19;21.9;1.8;4.8;0.381;1.2;3.3;0.352;0.7;1.5;0.444;0.502;1.2;1.4;0.879;0.3;1.7;2.1;3.6;1.2;0.2;1.1;2;6.1
89;Vlatko Čančar;cancavl01;PF;23;DEN;41;1;6.9;0.8;1.8;0.458;0.2;0.8;0.273;0.6;1;0.615;0.521;0.2;0.3;0.769;0.3;1;1.2;0.3;0.3;0;0.3;0.4;2.1
90;Devin Cannady;cannade01;PG;24;ORL;8;0;9.3;1.4;3.5;0.393;0.8;2;0.375;0.6;1.5;0.417;0.5;0.8;0.9;0.857;0;0.6;0.6;0.1;0.6;0.1;0.3;1.1;4.3
91;Clint Capela;capelca01;C;26;ATL;63;63;30.1;6.6;11;0.594;0;0;;6.6;11;0.594;0.594;2.1;3.6;0.573;4.7;9.6;14.3;0.8;0.7;2;1.2;2.3;15.2
92;Vernon Carey Jr.;careyve01;C;19;CHO;19;4;6.1;0.9;1.9;0.5;0.1;0.4;0.143;0.9;1.5;0.586;0.514;0.5;0.6;0.818;0.3;1.1;1.4;0.1;0.1;0.3;0.3;0.7;2.4
93;Jevon Carter;carteje01;PG;25;PHO;60;1;12;1.6;3.7;0.422;0.9;2.5;0.371;0.6;1.2;0.528;0.547;0.1;0.1;0.571;0.3;1.3;1.5;1.2;0.5;0.2;0.3;0.9;4.1
94;Wendell Carter Jr.;cartewe01;C;21;TOT;54;44;25.5;4.3;8.5;0.503;0.3;0.9;0.294;4;7.5;0.53;0.52;2.4;3.3;0.732;2.4;5.8;8.2;1.9;0.6;0.8;1.4;2.7;11.2
95;Michael Carter-Williams;cartemi01;SG;29;ORL;31;25;25.8;3.4;8.7;0.389;0.5;2;0.246;2.9;6.7;0.431;0.417;1.6;2.6;0.613;1.3;3.2;4.5;4.2;0.8;0.5;2.2;2.6;8.8
96;Alex Caruso;carusal01;PG;26;LAL;58;6;21;2.3;5.3;0.436;0.9;2.4;0.401;1.3;2.9;0.464;0.526;0.8;1.3;0.645;0.5;2.4;2.9;2.8;1.1;0.3;1.3;1.9;6.4
97;Willie Cauley-Stein;caulewi01;C;27;DAL;53;16;17.1;2.2;3.4;0.632;0;0.2;0.091;2.2;3.2;0.667;0.635;0.9;1.5;0.628;1.2;3.2;4.5;0.7;0.4;0.8;0.5;2.4;5.3
98;Chris Chiozza;chiozch01;PG;25;BRK;22;1;10.5;1.4;4;0.352;0.6;1.9;0.31;0.8;2.1;0.391;0.426;0.6;0.8;0.765;0.1;1;1.1;3;0.3;0.3;0.7;0.9;4
99;Marquese Chriss;chrisma01;PF;23;GSW;2;0;13.5;2.5;7;0.357;0.5;2.5;0.2;2;4.5;0.444;0.393;1;2;0.5;1.5;5;6.5;1;0;1;1;1.5;6.5
100;Gary Clark;clarkga01;PF-SF;26;TOT;39;11;16.8;1;3.4;0.303;0.8;2.8;0.287;0.2;0.6;0.375;0.42;0.2;0.3;0.8;0.8;2.1;2.9;0.8;0.3;0.2;0.4;0.9;3.1
101;Brandon Clarke;clarkbr01;PF;24;MEM;59;16;24;4.3;8.4;0.517;0.3;1.3;0.26;4;7.1;0.565;0.537;1.3;1.9;0.69;1.6;3.9;5.6;1.6;1;0.9;0.6;1.4;10.3
102;Jordan Clarkson;clarkjo01;SG;28;UTA;68;1;26.7;6.7;15.8;0.425;3.1;8.8;0.347;3.7;7;0.523;0.522;1.9;2.1;0.896;0.7;3.3;4;2.5;0.9;0.1;1.7;1.6;18.4
103;Nicolas Claxton;claxtni01;C;21;BRK;32;1;18.6;2.8;4.5;0.621;0;0.2;0.2;2.8;4.4;0.636;0.624;1;2;0.484;1.3;3.8;5.2;0.9;0.7;1.3;0.6;2.1;6.6
104;Amir Coffey;coffeam01;SG;23;LAC;44;1;9;1;2.3;0.437;0.5;1.3;0.411;0.5;1.1;0.468;0.549;0.6;0.9;0.711;0.2;0.8;1;0.5;0.2;0;0.3;0.7;3.2
105;John Collins;collijo01;PF;23;ATL;63;63;29.3;6.8;12.2;0.556;1.3;3.3;0.399;5.5;8.9;0.615;0.61;2.7;3.2;0.833;1.9;5.5;7.4;1.2;0.5;1;1.3;3.1;17.6
106;Mike Conley;conlemi01;PG;33;UTA;51;51;29.4;5.6;12.5;0.444;2.7;6.6;0.412;2.9;6;0.479;0.552;2.4;2.8;0.852;0.7;2.8;3.5;6;1.4;0.2;1.9;1.9;16.2
107;Pat Connaughton;connapa01;SG;28;MIL;69;4;22.8;2.4;5.6;0.434;1.5;3.9;0.371;1;1.7;0.583;0.565;0.4;0.6;0.775;0.9;3.9;4.8;1.2;0.7;0.3;0.5;1.4;6.8
108;Quinn Cook;cookqu01;PG;27;TOT;23;0;6.8;1.3;3;0.426;0.5;1.1;0.423;0.8;1.8;0.429;0.507;0.3;0.3;0.875;0.1;0.7;0.7;0.8;0.2;0;0.3;0.4;3.3
109;Tyler Cook;cookty01;SF-PF;23;TOT;32;1;13.7;2.2;3.2;0.67;0;0.1;0.5;2.1;3.2;0.673;0.675;0.5;1.1;0.486;0.9;2.1;3;0.5;0.3;0.1;0.7;1.1;4.9
110;DeMarcus Cousins;couside01;C;30;TOT;41;11;17.4;3.2;7.4;0.426;1.1;3.3;0.348;2;4.1;0.488;0.503;1.4;2;0.728;1.3;5.1;6.4;1.9;0.8;0.6;1.6;2.6;8.9
111;Robert Covington;covinro01;PF;30;POR;70;70;32;2.9;7.3;0.401;1.9;5.1;0.379;1;2.2;0.451;0.533;0.7;0.9;0.806;0.9;5.8;6.7;1.7;1.4;1.2;0.9;2.8;8.5
112;Torrey Craig;craigto01;SF;30;TOT;50;8;16.1;2.2;4.5;0.48;0.8;2.1;0.368;1.4;2.4;0.579;0.566;0.3;0.4;0.773;1.1;2.8;3.9;1;0.6;0.5;0.5;1.7;5.5
113;Jae Crowder;crowdja01;PF;30;PHO;60;42;27.5;3.3;8.2;0.404;2.5;6.3;0.389;0.9;1.9;0.455;0.555;1;1.3;0.76;0.5;4.2;4.7;2.1;0.8;0.5;0.9;2.1;10.1
114;Jarrett Culver;culveja01;SG;21;MIN;34;7;14.7;2;4.9;0.411;0.4;1.6;0.245;1.6;3.4;0.487;0.449;0.9;1.4;0.604;1;2.1;3.1;0.7;0.5;0.3;0.8;1.7;5.3
115;Seth Curry;curryse01;SG;30;PHI;57;57;28.7;4.5;9.7;0.467;2.2;4.9;0.45;2.3;4.8;0.485;0.582;1.2;1.4;0.896;0.2;2.2;2.4;2.7;0.8;0.1;1.1;1.7;12.5
116;Stephen Curry;curryst01;PG;32;GSW;63;63;34.2;10.4;21.7;0.482;5.3;12.7;0.421;5.1;9;0.569;0.605;5.7;6.3;0.916;0.5;5;5.5;5.8;1.2;0.1;3.4;1.9;32
117;Nate Darling;darlina01;SG;22;CHO;7;0;3.7;0.3;1;0.286;0.3;1;0.286;0;0;;0.429;0.4;0.4;1;0.1;0;0.1;0.1;0;0.1;0.1;0.1;1.3
118;Anthony Davis;davisan02;PF;27;LAL;36;36;32.3;8.4;17;0.491;0.7;2.8;0.26;7.6;14.3;0.536;0.512;4.4;5.9;0.738;1.7;6.2;7.9;3.1;1.3;1.6;2.1;1.7;21.8
119;Ed Davis;davised01;C;31;MIN;23;7;13;0.8;1.9;0.432;0;0;;0.8;1.9;0.432;0.432;0.4;0.5;0.833;2;3;5;0.9;0.6;0.6;0.3;2.4;2.1
120;Terence Davis;daviste02;SG;23;TOT;61;4;17.6;3.2;7.5;0.428;1.6;4.4;0.367;1.6;3.1;0.513;0.535;0.7;0.9;0.818;0.3;2.2;2.5;1.4;0.7;0.2;1;1.6;8.7
121;Gabriel Deck;deckga01;PF;25;OKC;10;0;21.2;3.2;6.7;0.478;0.2;1.5;0.133;3;5.2;0.577;0.493;1.8;2.2;0.818;1.6;2.4;4;2.4;0.8;0;0.6;0.9;8.4
122;Dewayne Dedmon;dedmode01;C;31;MIA;16;0;13.1;2.9;4.1;0.708;0.1;0.3;0.2;2.8;3.8;0.75;0.715;1.3;1.7;0.741;1.8;3.6;5.4;0.8;0.6;0.4;0.8;2.3;7.1
123;Matthew Dellavedova;dellama01;PG;30;CLE;13;1;17.2;1.1;4.3;0.25;0.3;1.9;0.16;0.8;2.4;0.323;0.286;0.3;0.3;1;0.5;1.4;1.8;4.5;0.3;0.1;0.5;1.6;2.8
124;DeMar DeRozan;derozde01;PF;31;SAS;61;61;33.7;7.5;15.1;0.495;0.3;1.2;0.257;7.1;13.9;0.515;0.505;6.3;7.2;0.88;0.7;3.6;4.2;6.9;0.9;0.2;2;2.1;21.6
125;Mamadi Diakite;diakima01;PF;24;MIL;14;1;10.1;1.1;2.9;0.4;0.1;0.6;0.125;1.1;2.3;0.469;0.413;0.8;1;0.786;0.6;1.9;2.4;0.6;0.5;0.4;0.2;1.1;3.1
126;Hamidou Diallo;diallha01;SG-SF;22;TOT;52;9;23.6;4.3;9;0.477;0.5;1.6;0.341;3.8;7.5;0.505;0.506;2.5;3.8;0.64;1.1;4.1;5.2;1.9;0.8;0.5;1.5;2.6;11.6
127;Gorgui Dieng;dienggo01;C;31;TOT;38;1;14.5;2.2;4.3;0.521;0.8;1.8;0.429;1.4;2.4;0.591;0.613;1.5;1.8;0.866;1.1;2.6;3.7;1.3;0.7;0.4;0.8;1.5;6.8
128;Spencer Dinwiddie;dinwisp01;SG;27;BRK;3;3;21.3;2;5.3;0.375;0.7;2.3;0.286;1.3;3;0.444;0.438;2;2;1;0;4.3;4.3;3;0.7;0.3;1.7;1.3;6.7
129;Donte DiVincenzo;divindo01;SG;24;MIL;66;66;27.5;3.8;9.1;0.42;2;5.2;0.379;1.8;3.9;0.475;0.528;0.8;1.1;0.718;1.2;4.5;5.8;3.1;1.1;0.2;1.4;1.7;10.4
130;Luka Dončić;doncilu01;PG;21;DAL;66;66;34.3;9.8;20.5;0.479;2.9;8.3;0.35;6.9;12.2;0.567;0.55;5.2;7.1;0.73;0.8;7.2;8;8.6;1;0.5;4.3;2.3;27.7
131;Luguentz Dort;dortlu01;SG;21;OKC;52;52;29.7;4.8;12.3;0.387;2.2;6.3;0.343;2.6;6;0.432;0.475;2.3;3.2;0.744;0.7;2.9;3.6;1.7;0.9;0.4;1.5;2.6;14
132;Damyean Dotson;dotsoda01;SG;26;CLE;46;7;19.7;2.6;6.4;0.406;1;3.5;0.289;1.6;2.9;0.545;0.485;0.5;0.8;0.667;0.1;1.9;2;2;0.3;0.1;0.9;0.9;6.7
133;Devon Dotson;dotsode01;PG;21;CHI;11;0;4.5;1;1.9;0.524;0.1;0.6;0.143;0.9;1.3;0.714;0.548;0;0;;0.2;0.3;0.5;0.6;0.4;0;0;0.3;2.1
134;Sekou Doumbouya;doumbse01;PF;20;DET;56;11;15.5;1.9;5;0.379;0.5;2.1;0.226;1.4;3;0.485;0.426;0.8;1.1;0.703;0.7;1.9;2.6;0.8;0.4;0.2;0.8;1.7;5.1
135;PJ Dozier;doziepj01;SG;24;DEN;50;6;21.8;3;7.1;0.417;0.9;3;0.315;2;4.1;0.49;0.483;0.8;1.3;0.636;0.7;2.9;3.6;1.8;0.6;0.4;0.9;1.7;7.7
136;Goran Dragić;dragigo01;PG;34;MIA;50;11;26.7;4.8;11.1;0.432;1.8;4.9;0.373;3;6.2;0.479;0.514;2;2.4;0.828;0.5;2.9;3.4;4.4;0.7;0.2;2.4;2.3;13.4
137;Andre Drummond;drumman01;C;27;TOT;46;46;27;6.1;12.4;0.493;0;0.2;0;6.1;12.3;0.5;0.493;2.7;4.5;0.6;3.6;8.4;12;2;1.4;1.1;2.7;3.2;14.9
138;Jared Dudley;dudleja01;PF;35;LAL;12;0;6.8;0.2;0.8;0.222;0.2;0.5;0.333;0;0.3;0;0.333;0;0;;0.3;1.4;1.8;0.4;0.1;0.1;0.2;0.6;0.5
139;Kris Dunn;dunnkr01;PG;26;ATL;4;0;11.3;0.3;3;0.083;0;0.5;0;0.3;2.5;0.1;0.083;0.8;1;0.75;0;1.5;1.5;0.5;0.5;0.5;0.8;2.5;1.3
140;Kevin Durant;duranke01;PF;32;BRK;35;32;33.1;9.3;17.2;0.537;2.4;5.4;0.45;6.8;11.8;0.577;0.608;6;6.8;0.882;0.4;6.7;7.1;5.6;0.7;1.3;3.4;2;26.9
141;Anthony Edwards;edwaran01;SG;19;MIN;72;55;32.1;7;16.8;0.417;2.4;7.2;0.329;4.6;9.6;0.483;0.488;2.9;3.8;0.776;0.8;3.8;4.7;2.9;1.1;0.5;2.2;1.8;19.3
142;Carsen Edwards;edwarca01;SG;22;BOS;31;1;8.9;1.5;3.6;0.423;0.6;2;0.286;0.9;1.5;0.604;0.505;0.4;0.4;0.846;0.1;0.7;0.8;0.5;0.2;0;0.2;0.8;4
143;CJ Elleby;ellebcj01;SF;20;POR;30;0;6.4;0.8;2.2;0.379;0.2;1.1;0.206;0.6;1.1;0.563;0.432;0.4;0.5;0.733;0.4;0.7;1.1;0.3;0.2;0.1;0.2;0.9;2.3
144;Henry Ellenson;ellenhe01;PF;24;TOR;2;0;19;2.5;7;0.357;1;4.5;0.222;1.5;2.5;0.6;0.429;1.5;2;0.75;1.5;4.5;6;2.5;0;0;0;3.5;7.5
145;Wayne Ellington;ellinwa01;SG;33;DET;46;31;22;3.2;7.3;0.441;2.5;6;0.422;0.7;1.4;0.524;0.612;0.6;0.8;0.8;0.3;1.6;1.8;1.5;0.4;0.2;0.7;1.3;9.6
146;Joel Embiid;embiijo01;C;26;PHI;51;51;31.1;9;17.6;0.513;1.1;3;0.377;7.9;14.6;0.541;0.545;9.2;10.7;0.859;2.2;8.4;10.6;2.8;1;1.4;3.1;2.4;28.5
147;James Ennis;ennisja01;SF;30;ORL;41;37;24;2.8;5.9;0.473;1.1;2.5;0.433;1.7;3.4;0.504;0.566;1.7;2.1;0.805;1;3;4;1.5;0.8;0.2;0.9;2;8.4
148;Drew Eubanks;eubandr01;C;23;SAS;54;3;14;2.1;3.8;0.566;0;0;1;2.1;3.8;0.562;0.571;1.4;2;0.726;1.4;3.1;4.5;0.8;0.3;0.9;0.8;1.6;5.8
149;Dante Exum;exumda01;SG;25;CLE;6;3;19.3;1.7;4.3;0.385;0.3;1.8;0.182;1.3;2.5;0.533;0.423;0.2;0.3;0.5;0.3;2.5;2.8;2.2;0.7;0.3;1.2;1.5;3.8
150;Tacko Fall;fallta01;C;25;BOS;19;0;7.2;1.1;1.5;0.724;0;0;;1.1;1.5;0.724;0.724;0.3;0.8;0.333;0.8;1.9;2.7;0.2;0.1;1.1;0.3;1.2;2.5
151;Derrick Favors;favorde01;C;29;UTA;68;0;15.3;2.3;3.6;0.638;0;0;0;2.3;3.5;0.643;0.638;0.9;1.2;0.738;2;3.5;5.5;0.6;0.5;1;0.5;2.1;5.4
152;Cristiano Felício;feliccr01;C;28;CHI;18;0;4.7;0.4;0.7;0.538;0;0.1;0;0.4;0.6;0.636;0.538;0.5;0.9;0.563;0.6;0.9;1.4;0.5;0.2;0;0.2;0.6;1.3
153;Terrance Ferguson;fergute01;SG;22;PHI;13;0;3.8;0.1;0.5;0.143;0;0.4;0;0.1;0.2;0.5;0.143;0;0;;0;0.1;0.1;0.2;0.1;0;0.3;0.5;0.2
154;Bruno Fernando;fernabr01;C;22;ATL;33;0;6.8;0.5;1.3;0.409;0;0.1;0;0.5;1.3;0.429;0.409;0.5;0.7;0.682;0.5;1.9;2.4;0.3;0.1;0.1;0.6;0.7;1.5
155;Yogi Ferrell;ferreyo01;PG;27;TOT;10;0;13.6;2;5.7;0.351;0.9;2.8;0.321;1.1;2.9;0.379;0.43;0.7;0.9;0.778;0.5;1.4;1.9;2.2;0.7;0.3;0.3;1.1;5.6
156;Dorian Finney-Smith;finnedo01;PF;27;DAL;60;60;32;3.7;7.8;0.472;2;5;0.394;1.7;2.7;0.616;0.6;0.5;0.7;0.756;1.6;3.8;5.4;1.7;0.9;0.4;0.8;2.3;9.8
157;Malik Fitts;fittsma01;PF;23;LAC;3;0;3.7;0.3;1;0.333;0.3;0.7;0.5;0;0.3;0;0.5;0;0;;0;1;1;0;0;0;0;1;1
158;Malachi Flynn;flynnma01;PG;22;TOR;47;14;19.7;2.7;7.2;0.374;1.1;3.6;0.321;1.6;3.7;0.424;0.453;1;1.2;0.804;0.2;2.3;2.5;2.9;0.8;0.1;0.9;1.4;7.5
159;Bryn Forbes;forbebr01;SG;27;MIL;70;10;19.3;3.6;7.6;0.473;2.2;4.9;0.452;1.4;2.7;0.511;0.618;0.7;0.9;0.77;0.2;1.4;1.6;0.6;0.3;0;0.6;1.1;10
160;Trent Forrest;forretr01;PG;22;UTA;30;0;10.1;1.1;2.4;0.451;0.2;0.9;0.192;0.9;1.5;0.6;0.486;0.6;0.6;1;0.4;1.1;1.5;1.5;0.3;0.1;0.7;0.7;2.9
161;Evan Fournier;fournev01;SF-SG;28;TOT;42;36;30;5.9;12.9;0.457;2.8;6.7;0.413;3.1;6.1;0.504;0.565;2.6;3.3;0.788;0.2;2.8;3;3.4;1.1;0.5;1.7;2.3;17.1
162;De'Aaron Fox;foxde01;PG;23;SAC;58;58;35.1;9.1;19.1;0.477;1.8;5.5;0.322;7.3;13.6;0.539;0.523;5.2;7.2;0.719;0.6;2.9;3.5;7.2;1.5;0.5;3;2.9;25.2
163;Robert Franks;frankro01;PF;24;ORL;7;0;14.4;1.9;4;0.464;0.7;2.1;0.333;1.1;1.9;0.615;0.554;1.7;1.9;0.923;0.9;1.1;2;0.7;0.4;0.4;0.3;1.1;6.1
164;Tim Frazier;fraziti01;PG;30;MEM;5;0;12.4;0.6;4;0.15;0;1.6;0;0.6;2.4;0.25;0.15;0.4;1.2;0.333;0;1.6;1.6;3.2;0.4;0.2;0.8;1.4;1.6
165;Markelle Fultz;fultzma01;PG;22;ORL;8;8;26.9;5.1;13;0.394;0.5;2;0.25;4.6;11;0.42;0.413;2.1;2.4;0.895;0.6;2.5;3.1;5.4;1;0.3;2.3;2.3;12.9
166;Wenyen Gabriel;gabriwe01;PF;23;NOP;21;0;11.5;1.1;2.9;0.4;0.6;1.5;0.406;0.5;1.3;0.393;0.508;0.5;0.8;0.647;1;1.6;2.6;0.5;0.4;0.4;0.7;1.5;3.4
167;Daniel Gafford;gaffoda01;PF-C;22;TOT;54;11;14.6;2.9;4.2;0.684;0;0;;2.9;4.2;0.684;0.684;1.3;2;0.667;1.7;2.5;4.3;0.5;0.5;1.4;0.8;1.8;7
168;Danilo Gallinari;gallida01;PF;32;ATL;51;4;24;4;9.3;0.434;2;5;0.406;2;4.3;0.466;0.542;3.2;3.4;0.925;0.3;3.8;4.1;1.5;0.6;0.2;0.8;2.1;13.3
169;Langston Galloway;gallola01;SG;29;PHO;40;0;11;1.7;3.7;0.449;0.9;2.1;0.424;0.8;1.6;0.484;0.571;0.6;0.6;0.957;0.2;0.9;1.1;0.7;0.2;0;0.3;0.6;4.8
170;Darius Garland;garlada01;PG;21;CLE;54;50;33.1;6.7;14.9;0.451;1.9;4.9;0.395;4.8;9.9;0.479;0.517;2.1;2.4;0.848;0.4;2;2.4;6.1;1.2;0.1;3;2;17.4
171;Marc Gasol;gasolma01;C;36;LAL;52;42;19.1;1.7;3.7;0.454;1;2.3;0.41;0.7;1.4;0.528;0.582;0.7;1;0.72;0.7;3.4;4.1;2.1;0.5;1.1;1;2.2;5
172;Rudy Gay;gayru01;PF;34;SAS;63;1;21.6;4.2;10;0.42;1.7;4.4;0.381;2.5;5.6;0.451;0.505;1.3;1.6;0.804;0.7;4.1;4.8;1.4;0.7;0.6;1;1.8;11.4
173;Paul George;georgpa01;SF;30;LAC;54;54;33.7;8.2;17.6;0.467;3.2;7.7;0.411;5.1;9.9;0.51;0.557;3.7;4.2;0.868;0.8;5.8;6.6;5.2;1.1;0.4;3.3;2.4;23.3
174;Taj Gibson;gibsota01;PF;35;NYK;45;3;20.8;2.2;3.5;0.627;0.1;0.3;0.2;2.1;3.2;0.671;0.636;0.9;1.2;0.727;2.2;3.4;5.6;0.8;0.7;1.1;0.5;2.2;5.4
175;Harry Giles;gilesha01;C;22;POR;38;0;9.2;1.1;2.6;0.433;0.2;0.6;0.348;0.9;1.9;0.459;0.474;0.4;0.7;0.593;0.8;2.7;3.5;0.8;0.2;0.3;0.5;1.4;2.8
176;Shai Gilgeous-Alexander;gilgesh01;SG;22;OKC;35;35;33.7;8.2;16.1;0.508;2;4.9;0.418;6.2;11.3;0.547;0.571;5.3;6.5;0.808;0.5;4.2;4.7;5.9;0.8;0.7;3;2;23.7
177;Anthony Gill;gillan01;PF;28;WAS;26;4;8.4;1.2;2.3;0.5;0.3;0.9;0.292;0.9;1.4;0.639;0.558;0.5;0.6;0.813;0.6;1.3;2;0.4;0.4;0.2;0.3;1;3.1
178;Freddie Gillespie;gillefr01;PF;23;TOR;20;2;19.6;2.2;4.2;0.524;0;0;;2.2;4.2;0.524;0.524;1.2;1.7;0.697;2.1;2.8;4.9;0.5;0.7;1;0.6;2.2;5.6
179;Rudy Gobert;goberru01;C;28;UTA;71;71;30.8;5.5;8.2;0.675;0;0.1;0;5.5;8.1;0.68;0.675;3.3;5.3;0.623;3.4;10.1;13.5;1.3;0.6;2.7;1.7;2.3;14.3
180;Brandon Goodwin;goodwbr01;PG;25;ATL;47;5;13.2;1.8;4.7;0.377;0.7;2.2;0.311;1.1;2.6;0.433;0.448;0.6;0.9;0.651;0.2;1.3;1.5;2;0.4;0;0.8;0.9;4.9
181;Aaron Gordon;gordoaa01;PF;25;TOT;50;50;27.7;4.6;10;0.463;1.2;3.5;0.335;3.4;6.5;0.533;0.522;1.9;3;0.651;1.5;4.1;5.7;3.2;0.7;0.7;1.9;1.8;12.4
182;Eric Gordon;gordoer01;SG;32;HOU;27;13;29.2;5.9;13.6;0.433;2.6;7.8;0.329;3.3;5.8;0.573;0.527;3.5;4.2;0.825;0.3;1.9;2.1;2.6;0.5;0.5;1.9;1.6;17.8
183;Devonte' Graham;grahade01;PG;25;CHO;55;44;30.2;4.6;12.2;0.377;3.3;8.7;0.375;1.3;3.5;0.38;0.51;2.4;2.9;0.842;0.4;2.3;2.7;5.4;0.9;0.1;1.5;1.4;14.8
184;Jerami Grant;grantje01;SF;26;DET;54;54;33.9;7.4;17.3;0.429;2.1;6.1;0.35;5.3;11.2;0.473;0.491;5.4;6.4;0.845;0.6;4;4.6;2.8;0.6;1.1;2;2.3;22.3
185;Danny Green;greenda02;SF;33;PHI;69;69;28;3.2;7.9;0.412;2.5;6.3;0.405;0.7;1.6;0.438;0.573;0.4;0.6;0.775;0.8;3;3.8;1.7;1.3;0.8;1;1.8;9.5
186;Draymond Green;greendr01;PF;30;GSW;63;63;31.5;2.7;6;0.447;0.5;2;0.27;2.2;4;0.535;0.492;1.1;1.4;0.795;0.9;6.3;7.1;8.9;1.7;0.8;3;3.1;7
187;JaMychal Green;greenja01;PF;30;DEN;58;5;19.3;3;6.4;0.463;1.4;3.4;0.399;1.6;3;0.534;0.568;0.8;1;0.807;1.5;3.3;4.8;0.9;0.4;0.4;0.9;2.5;8.1
188;Javonte Green;greenja02;SG-PG;27;TOT;41;2;11.5;1.3;2.5;0.52;0.2;0.7;0.333;1;1.8;0.597;0.569;0.7;1;0.75;0.6;1.1;1.7;0.4;0.7;0.1;0.5;1.1;3.6
189;Jeff Green;greenje02;C;34;BRK;68;38;27;3.8;7.8;0.492;1.5;3.7;0.412;2.3;4.1;0.564;0.59;1.8;2.4;0.776;0.5;3.4;3.9;1.6;0.5;0.4;0.8;1.8;11
190;Josh Green;greenjo02;SG;20;DAL;39;5;11.4;1.1;2.4;0.452;0.1;0.6;0.16;1;1.7;0.559;0.473;0.3;0.6;0.565;0.7;1.3;2;0.7;0.4;0.1;0.4;0.9;2.6
191;Blake Griffin;griffbl01;PF;31;TOT;46;30;25.8;3.8;8.9;0.423;1.5;4.5;0.341;2.3;4.5;0.505;0.509;1.9;2.5;0.744;0.8;4.1;4.9;3;0.7;0.3;1.3;2.4;11
192;Kyle Guy;guyky01;PG;23;SAC;31;0;7.6;0.9;2.8;0.33;0.4;1.5;0.283;0.5;1.4;0.381;0.403;0.5;0.6;0.8;0.2;1;1.1;1;0.2;0;0.4;0.6;2.8
193;Rui Hachimura;hachiru01;PF;22;WAS;57;57;31.5;5.4;11.4;0.478;0.8;2.4;0.328;4.6;9;0.519;0.513;2.2;2.8;0.77;0.9;4.6;5.5;1.4;0.8;0.1;1.2;2.1;13.8
194;Ashton Hagans;haganas01;PG;21;MIN;2;0;2;0;0;;0;0;;0;0;;;0;0;;0;0;0;0;0;0;0.5;0;0
195;Tyrese Haliburton;halibty01;PG;20;SAC;58;20;30.1;5;10.7;0.472;2.1;5.1;0.409;2.9;5.6;0.529;0.569;0.8;1;0.857;0.7;2.3;3;5.3;1.3;0.5;1.6;1.4;13
196;Donta Hall;halldo01;PF;23;ORL;13;0;13.8;1.9;2.7;0.714;0;0;;1.9;2.7;0.714;0.714;1.8;2.6;0.676;1.8;2.9;4.8;0.8;0.4;0.8;0.6;1.4;5.6
197;Josh Hall;halljo01;SF;20;OKC;21;1;16;1.4;4.7;0.303;0.2;1.8;0.108;1.2;3;0.419;0.323;1;2.1;0.5;0.3;2.5;2.8;1.3;0.2;0;1.2;1.8;4.1
198;R.J. Hampton;hamptrj01;SG-PG;19;TOT;51;1;17.4;2.7;6.1;0.435;0.5;1.7;0.31;2.1;4.4;0.482;0.478;1.1;1.6;0.671;0.6;2.9;3.5;1.7;0.4;0.2;1;1.2;6.9
199;Tim Hardaway Jr.;hardati02;SG;28;DAL;70;31;28.4;5.8;13;0.447;3;7.6;0.391;2.9;5.5;0.524;0.56;2;2.5;0.816;0.3;3;3.3;1.8;0.4;0.2;0.9;1.6;16.6
200;James Harden;hardeja01;PG-SG;31;TOT;44;43;36.6;7.8;16.7;0.466;2.8;7.6;0.362;5;9.1;0.553;0.548;6.3;7.3;0.861;0.8;7.1;7.9;10.8;1.2;0.8;4;2.3;24.6
201;Maurice Harkless;harklma01;PF-SF;27;TOT;37;23;20.9;1.9;4.5;0.418;0.6;2.3;0.274;1.2;2.2;0.568;0.488;0.9;1.2;0.767;0.4;2.1;2.4;1.2;0.8;0.5;0.6;2.3;5.2
202;Jared Harper;harpeja01;PG;23;NYK;8;0;2;0;0.5;0;0;0.1;0;0;0.4;0;0;0.4;0.5;0.75;0;0.3;0.3;0.1;0;0;0.4;0.1;0.4
203;Montrezl Harrell;harremo01;C;27;LAL;69;1;22.9;5.4;8.7;0.622;0;0.1;0;5.4;8.6;0.632;0.622;2.6;3.7;0.707;2.3;3.9;6.2;1.1;0.7;0.7;1.1;1.9;13.5
204;Gary Harris;harriga01;SG;26;TOT;39;38;27.7;3.5;8.8;0.4;1.2;3.6;0.34;2.3;5.2;0.441;0.47;1.6;2;0.821;0.5;1.5;2;2;0.7;0.3;0.9;1.8;9.9
205;Jalen Harris;harrija01;SG;22;TOR;13;2;13.2;2.8;5.5;0.5;1.3;2.8;0.472;1.5;2.8;0.528;0.618;0.5;0.7;0.778;0.2;1.2;1.4;1.3;0.6;0;1.1;1.2;7.4
206;Joe Harris;harrijo01;SF;29;BRK;69;65;31;5.2;10.2;0.505;3.1;6.4;0.475;2.1;3.8;0.555;0.654;0.7;0.9;0.778;0.6;3;3.6;1.9;0.7;0.2;0.9;2;14.1
207;Tobias Harris;harrito02;PF;28;PHI;62;62;32.5;7.6;14.9;0.512;1.3;3.4;0.394;6.3;11.5;0.546;0.556;2.9;3.3;0.892;1;5.8;6.8;3.5;0.9;0.8;1.7;1.9;19.5
208;Shaquille Harrison;harrish01;SG;27;TOT;34;0;9.8;0.8;2.3;0.333;0.1;0.5;0.188;0.7;1.8;0.371;0.353;0.5;0.6;0.818;0.2;1.2;1.4;0.7;0.5;0.1;0.3;1;2.1
209;Josh Hart;hartjo01;SF;25;NOP;47;4;28.7;3.2;7.3;0.439;1.3;4.1;0.326;1.9;3.2;0.583;0.531;1.5;1.9;0.775;1.1;6.9;8;2.3;0.8;0.3;1;2.4;9.2
210;Isaiah Hartenstein;harteis01;C;22;TOT;46;2;12.2;2;3.7;0.55;0;0.1;0.333;2;3.6;0.558;0.556;1;1.5;0.648;1.4;2.5;3.9;1.2;0.4;0.8;1;2.3;5.1
211;Udonis Haslem;hasleud01;C;40;MIA;1;0;3;2;2;1;0;0;;2;2;1;1;0;0;;0;1;1;0;0;0;0;0;4
212;Jaxson Hayes;hayesja02;C;20;NOP;60;3;16.1;2.9;4.7;0.625;0.1;0.2;0.429;2.8;4.4;0.635;0.636;1.6;2;0.775;1.5;2.8;4.3;0.6;0.4;0.6;0.7;1.7;7.5
213;Killian Hayes;hayeski01;PG;19;DET;26;18;25.8;2.7;7.7;0.353;0.8;2.8;0.278;2;5;0.395;0.403;0.5;0.7;0.824;0.2;2.4;2.7;5.3;1;0.4;3.2;2.2;6.8
214;Gordon Hayward;haywago01;SF;30;CHO;44;44;34;7.1;15;0.473;1.9;4.7;0.415;5.1;10.3;0.499;0.537;3.5;4.2;0.843;0.8;5;5.9;4.1;1.2;0.3;2.1;1.7;19.6
215;Juan Hernangómez;hernaju01;PF;25;MIN;52;6;17.3;2.5;5.8;0.435;1.1;3.2;0.327;1.4;2.5;0.573;0.527;1.2;1.9;0.619;0.9;3.1;3.9;0.7;0.4;0.1;0.5;1;7.2
216;Willy Hernangómez;hernawi01;C;26;NOP;47;12;18;3.2;5.7;0.563;0;0.2;0.1;3.2;5.5;0.581;0.565;1.3;2;0.667;2.5;4.6;7.1;1.1;0.5;0.5;0.7;1.4;7.8
217;Tyler Herro;herroty01;SG;21;MIA;54;15;30.3;5.7;12.9;0.439;2;5.5;0.36;3.7;7.4;0.498;0.516;1.7;2.2;0.803;0.5;4.5;5;3.4;0.6;0.3;1.9;1.3;15.1
218;Buddy Hield;hieldbu01;SG;28;SAC;71;71;34.3;5.7;14;0.406;4;10.2;0.391;1.7;3.8;0.446;0.548;1.2;1.5;0.846;0.4;4.3;4.7;3.6;0.9;0.4;1.8;2.5;16.6
219;George Hill;hillge01;PG;34;TOT;30;17;22.4;3.2;6.6;0.482;1;2.7;0.388;2.1;3.9;0.547;0.561;1.3;1.7;0.8;0.5;1.5;2;2.4;0.8;0.2;1;1;8.7
220;Solomon Hill;hillso01;PF;29;ATL;71;16;21.3;1.5;4.2;0.359;1;3;0.321;0.5;1.2;0.453;0.473;0.5;0.6;0.761;0.6;2.4;3;1.1;0.7;0.2;0.6;1.6;4.5
221;Nate Hinton;hintona01;SG;21;DAL;21;0;4.4;0.7;2;0.357;0.2;0.9;0.211;0.5;1.1;0.478;0.405;0.3;0.5;0.7;0;0.4;0.4;0.4;0.3;0.1;0.2;0.4;2
222;Jaylen Hoard;hoardja01;SF;21;OKC;19;0;16.8;2.3;4.6;0.5;0;0.6;0;2.3;4.1;0.571;0.5;1.5;2.2;0.683;1.1;2.3;3.4;1.3;0.7;0.3;0.9;1;6.1
223;Aaron Holiday;holidaa01;PG;24;IND;66;8;17.8;2.6;6.6;0.39;1;2.8;0.368;1.6;3.8;0.406;0.467;1;1.3;0.819;0.2;1.1;1.3;1.9;0.7;0.2;1;1.4;7.2
224;Jrue Holiday;holidjr01;PG;30;MIL;59;56;32.3;7;13.9;0.503;1.9;4.8;0.392;5.1;9.2;0.561;0.57;1.8;2.3;0.787;1.2;3.3;4.5;6.1;1.6;0.6;2.2;1.7;17.7
225;Justin Holiday;holidju01;SG;31;IND;72;52;30.3;3.6;8.7;0.413;2.4;6.3;0.382;1.2;2.4;0.494;0.551;0.9;1.2;0.788;0.4;3.1;3.6;1.7;1;0.6;0.8;1.9;10.5
226;Rondae Hollis-Jefferson;holliro01;PF;26;POR;11;1;9.7;0.8;1.6;0.5;0;0.1;0;0.8;1.5;0.529;0.5;0.8;1.5;0.563;1;1.4;2.4;1.2;0.2;0.4;0.2;1.4;2.5
227;Richaun Holmes;holmeri01;C;27;SAC;61;61;29.2;6;9.4;0.637;0;0.2;0.182;6;9.2;0.645;0.638;2.2;2.8;0.794;2.4;5.9;8.3;1.7;0.6;1.6;1.2;3.5;14.2
228;Rodney Hood;hoodro01;SF;28;TOT;55;5;17.1;1.7;4.7;0.362;0.6;2.1;0.301;1.1;2.7;0.408;0.427;0.4;0.5;0.857;0.4;1.5;1.9;1;0.4;0.1;0.7;1.3;4.5
229;Al Horford;horfoal01;C;34;OKC;28;28;27.9;5.8;12.9;0.45;2;5.4;0.368;3.8;7.4;0.51;0.528;0.6;0.8;0.818;1;5.7;6.7;3.4;0.9;0.9;1;1.7;14.2
230;Talen Horton-Tucker;hortota01;SG;20;LAL;65;4;20.1;3.4;7.5;0.458;0.6;2;0.282;2.9;5.5;0.522;0.496;1.5;2;0.775;0.4;2.2;2.6;2.8;1;0.3;1.6;2;9
231;Danuel House;houseda01;SF;27;HOU;36;23;25.9;3.1;7.6;0.404;1.5;4.3;0.346;1.6;3.2;0.483;0.504;1.1;1.8;0.651;0.5;3.2;3.7;1.9;0.6;0.4;1;1.9;8.8
232;Dwight Howard;howardw01;C;35;PHI;69;6;17.3;2.6;4.4;0.587;0.1;0.3;0.25;2.5;4.1;0.611;0.596;1.8;3;0.576;2.8;5.7;8.4;0.9;0.4;0.9;1.6;2.9;7
233;Markus Howard;howarma02;SG;21;DEN;37;1;5.5;1.1;2.9;0.377;0.5;1.8;0.277;0.6;1.1;0.537;0.462;0.2;0.2;0.778;0;0.5;0.6;0.5;0.1;0;0.5;0.6;2.8
234;Kevin Huerter;huertke01;SG;22;ATL;69;49;30.8;4.6;10.6;0.432;2;5.6;0.363;2.6;5;0.51;0.528;0.7;0.9;0.781;0.6;2.8;3.3;3.5;1.2;0.3;1.1;2.4;11.9
235;Elijah Hughes;hugheel01;SF;22;UTA;18;0;3.6;0.6;1.7;0.333;0.4;1.3;0.348;0.1;0.4;0.286;0.467;0.2;0.2;0.75;0.1;0.4;0.5;0.3;0.1;0.1;0.3;0.1;1.7
236;De'Andre Hunter;huntede01;SF;23;ATL;23;19;29.5;5.2;10.8;0.484;1.3;4.1;0.326;3.9;6.7;0.582;0.546;3.2;3.7;0.859;0.7;4;4.8;1.9;0.8;0.5;1.3;2.6;15
237;Chandler Hutchison;hutchch01;SF;24;TOT;25;1;13.8;1.6;4.1;0.379;0.3;0.9;0.364;1.2;3.2;0.383;0.417;0.8;1;0.84;0.2;2.9;3.1;0.7;0.5;0.2;0.8;1.3;4.3
238;Serge Ibaka;ibakase01;C;31;LAC;41;39;23.3;4.5;8.9;0.51;1;2.8;0.339;3.6;6.1;0.588;0.563;1;1.3;0.811;1.8;4.9;6.7;1.8;0.2;1.1;1.1;1.9;11.1
239;Andre Iguodala;iguodan01;SF;37;MIA;63;5;21.3;1.5;3.9;0.383;1;2.9;0.33;0.6;1;0.53;0.504;0.4;0.6;0.658;0.6;2.9;3.5;2.3;0.9;0.6;1.1;1.4;4.4
240;Ersan İlyasova;ilyaser01;PF;33;UTA;17;1;8.7;1.2;3.2;0.389;1.1;2.4;0.439;0.2;0.8;0.231;0.556;0.3;0.3;1;0.4;1.3;1.7;0.2;0.6;0.2;0.5;1.7;3.8
241;Joe Ingles;inglejo01;SF;33;UTA;67;30;27.9;4.1;8.4;0.489;2.7;6.1;0.451;1.4;2.3;0.59;0.652;1.1;1.3;0.844;0.4;3.2;3.6;4.7;0.7;0.2;1.7;1.8;12.1
242;Brandon Ingram;ingrabr01;SF;23;NOP;61;61;34.3;8.4;18;0.466;2.3;6.1;0.381;6.1;11.9;0.51;0.531;4.6;5.2;0.878;0.6;4.3;4.9;4.9;0.7;0.6;2.5;2;23.8
243;Kyrie Irving;irvinky01;PG;28;BRK;54;54;34.9;10.2;20.1;0.506;2.8;7;0.402;7.4;13.1;0.561;0.576;3.7;4;0.922;1;3.8;4.8;6;1.4;0.7;2.4;2.6;26.9
244;Wesley Iwundu;iwundwe01;SF;26;TOT;41;4;13.1;0.8;2.5;0.333;0.1;1;0.122;0.7;1.5;0.475;0.358;0.6;0.8;0.839;0.4;1.8;2.2;0.4;0.4;0.1;0.5;1.2;2.4
245;Frank Jackson;jacksfr01;PG;22;DET;40;6;18.5;3.4;7.3;0.457;1.5;3.8;0.407;1.8;3.6;0.51;0.561;1.5;1.9;0.813;0.4;1.8;2.2;0.9;0.4;0;0.9;1.3;9.8
246;Jaren Jackson Jr.;jacksja02;C;21;MEM;11;4;23.5;4.8;11.4;0.424;1.5;5.5;0.283;3.3;5.9;0.554;0.492;3.2;3.8;0.833;1.5;4.1;5.6;1.1;1.1;1.6;1.4;3.8;14.4
247;Josh Jackson;jacksjo02;SG;23;DET;62;25;25.2;4.8;11.4;0.419;1.2;4.1;0.3;3.5;7.3;0.487;0.473;2.6;3.5;0.729;0.9;3.2;4.1;2.3;0.9;0.8;2.3;2.9;13.4
248;Justin Jackson;jacksju01;SF;25;TOT;34;3;17;2.6;6.5;0.403;1.1;3.4;0.308;1.6;3.1;0.51;0.484;0.9;1.1;0.838;0.5;1.8;2.3;1.5;0.4;0.1;0.9;0.9;7.2
249;Reggie Jackson;jacksre01;SG;30;LAC;67;43;23;3.9;8.7;0.45;1.8;4.2;0.433;2.1;4.5;0.465;0.554;1;1.2;0.817;0.4;2.5;2.9;3.1;0.6;0.1;1.1;1.9;10.7
250;Justin James;jamesju01;SF;24;SAC;36;0;8.6;1.4;3.1;0.468;0.4;1.1;0.368;1.1;2;0.521;0.532;0.6;1;0.583;0.3;0.6;0.8;0.6;0.2;0.1;0.4;0.6;3.9
251;LeBron James;jamesle01;PG;36;LAL;45;45;33.4;9.4;18.3;0.513;2.3;6.3;0.365;7.1;12;0.591;0.576;4;5.7;0.698;0.6;7;7.7;7.8;1.1;0.6;3.7;1.6;25
252;Mike James;jamesmi02;PG;30;BRK;13;1;18.2;2.6;7.1;0.37;0.8;2.4;0.355;1.8;4.7;0.377;0.429;1.6;2.1;0.778;0.2;2.2;2.5;4.2;0.5;0.1;1.5;0.8;7.7
253;DaQuan Jeffries;jeffrda01;SG;23;TOT;31;5;15.9;1.6;3.9;0.417;0.6;2.2;0.299;1;1.7;0.566;0.5;0.2;0.3;0.875;0.6;1.7;2.3;0.7;0.5;0.3;0.5;1.5;4.1
254;Ty Jerome;jeromty01;SG;23;OKC;33;1;23.9;3.9;8.7;0.446;2.2;5.1;0.423;1.7;3.6;0.479;0.57;0.8;1;0.765;0.3;2.5;2.8;3.6;0.6;0.2;1.4;1.8;10.7
255;Isaiah Joe;joeis01;SG;21;PHI;41;1;9.3;1.2;3.2;0.361;1;2.6;0.368;0.2;0.7;0.333;0.508;0.4;0.6;0.75;0.1;0.7;0.9;0.5;0.3;0.1;0.3;0.8;3.7
256;Alize Johnson;johnsal02;PF;24;BRK;18;0;10.5;2.2;3.8;0.588;0.1;0.3;0.167;2.2;3.4;0.629;0.596;0.7;0.7;1;1.5;3.5;5;0.8;0.3;0.3;0.5;0.9;5.2
257;Cameron Johnson;johnsca02;PF;24;PHO;60;11;24;3.4;8.1;0.42;2;5.6;0.349;1.4;2.5;0.581;0.541;0.8;1;0.847;0.6;2.8;3.3;1.4;0.6;0.3;0.7;1.4;9.6
258;James Johnson;johnsja01;PF;33;TOT;51;12;20.5;2.9;6.4;0.446;0.6;2.4;0.258;2.3;4.1;0.556;0.494;0.9;1.5;0.592;0.6;2.8;3.5;1.9;0.8;0.8;1.1;2.4;7.2
259;Keldon Johnson;johnske04;SF;21;SAS;69;67;28.5;4.9;10.2;0.479;0.9;2.6;0.331;4;7.6;0.531;0.522;2.1;2.8;0.74;1.3;4.6;6;1.8;0.6;0.3;1.1;2.1;12.8
260;Stanley Johnson;johnsst04;PF;24;TOR;61;13;16.5;1.5;3.8;0.382;0.7;2.2;0.328;0.7;1.6;0.458;0.479;0.7;0.9;0.8;0.5;2;2.5;1.5;0.9;0.3;0.9;1.9;4.4
261;Tyler Johnson;johnsty01;SG;28;BRK;39;3;17.5;1.8;4.7;0.393;1.2;3.4;0.364;0.6;1.3;0.471;0.525;0.5;0.5;0.857;0.2;1.8;2;1.2;0.4;0;0.4;1.1;5.4
262;Nikola Jokić;jokicni01;C;25;DEN;72;72;34.6;10.2;18;0.566;1.3;3.3;0.388;8.9;14.7;0.606;0.602;4.8;5.5;0.868;2.8;8;10.8;8.3;1.3;0.7;3.1;2.7;26.4
263;Damian Jones;jonesda03;C;25;TOT;39;10;14;1.8;2.6;0.68;0;0.1;0.2;1.8;2.5;0.704;0.684;1.1;1.5;0.724;0.9;2.2;3.1;0.7;0.3;0.7;0.7;2;4.7
264;Derrick Jones Jr.;jonesde02;SF;23;POR;58;43;22.7;2.5;5.2;0.484;0.7;2.3;0.316;1.8;2.9;0.619;0.554;1;1.6;0.648;1.3;2.2;3.5;0.8;0.6;0.9;0.6;2.2;6.8
265;Mason Jones;jonesma05;SG;22;TOT;32;1;10.4;1.6;3.8;0.423;0.8;2.1;0.364;0.9;1.8;0.491;0.52;1.3;2;0.625;0.2;1.5;1.7;1.3;0.2;0;0.9;0.8;5.3
266;Tre Jones;jonestr01;PG;21;SAS;37;1;7.3;1;2.1;0.474;0.1;0.1;0.6;0.9;2;0.466;0.494;0.5;0.5;0.895;0.2;0.4;0.6;1.1;0.2;0;0.4;0.4;2.5
267;Tyus Jones;jonesty01;PG;24;MEM;70;9;17.5;2.5;5.9;0.431;0.6;2;0.321;1.9;3.9;0.487;0.485;0.6;0.6;0.911;0.3;1.7;2;3.7;0.9;0.1;0.7;0.4;6.3
268;DeAndre Jordan;jordade01;C;32;BRK;57;43;21.9;3.3;4.4;0.763;0;0;0;3.3;4.4;0.766;0.763;0.8;1.6;0.5;2.1;5.4;7.5;1.6;0.3;1.1;1.5;2;7.5
269;Cory Joseph;josepco01;PG;29;TOT;63;13;23;3.2;6.8;0.469;0.7;2.1;0.341;2.5;4.7;0.527;0.522;1.1;1.4;0.818;0.6;2;2.5;3.4;1;0.3;1.3;2.2;8.2
270;Mfiondu Kabengele;kabenmf01;PF;23;TOT;39;0;7.2;0.8;2.3;0.371;0.3;1.3;0.26;0.5;1;0.513;0.444;0.4;0.5;0.8;0.3;1.2;1.5;0.4;0.2;0.3;0.4;0.9;2.4
271;Frank Kaminsky;kaminfr01;C;27;PHO;47;13;15.2;2.6;5.5;0.471;0.7;1.8;0.365;1.9;3.7;0.523;0.531;0.8;1.3;0.617;0.8;3.2;4;1.7;0.3;0.4;0.5;1.5;6.6
272;Enes Kanter;kanteen01;C;28;POR;72;35;24.4;4.7;7.8;0.604;0;0.1;0.25;4.7;7.7;0.607;0.605;1.8;2.3;0.774;3.9;7.1;11;1.2;0.5;0.7;1.1;2.3;11.2
273;Luke Kennard;kennalu01;SG;24;LAC;63;17;19.6;3.1;6.6;0.476;1.6;3.6;0.446;1.5;3;0.511;0.597;0.4;0.5;0.839;0.2;2.3;2.6;1.7;0.4;0.1;0.8;1.4;8.3
274;Louis King;kinglo02;SF;21;SAC;6;1;14.2;2.8;5.7;0.5;0.7;1.8;0.364;2.2;3.8;0.565;0.559;1;1;1;0.8;2.2;3;1.5;1.2;0.5;0.7;1.5;7.3
275;Maxi Kleber;klebima01;PF;29;DAL;50;40;26.8;2.3;5.5;0.422;1.7;4.2;0.41;0.6;1.3;0.46;0.58;0.7;0.7;0.919;0.9;4.3;5.2;1.4;0.5;0.7;0.6;2.1;7.1
276;Nathan Knight;knighna01;PF;23;ATL;33;0;8.5;1.1;3;0.37;0.2;1;0.182;0.9;2;0.463;0.4;1.3;1.7;0.8;0.8;1.4;2.2;0.2;0.3;0.3;0.5;0.7;3.8
277;Kevin Knox;knoxke01;SF;21;NYK;42;0;11;1.3;3.4;0.392;0.8;2.1;0.393;0.5;1.3;0.389;0.514;0.4;0.5;0.8;0.2;1.2;1.5;0.5;0.3;0.1;0.4;0.9;3.9
278;John Konchar;konchjo01;SG;24;MEM;43;0;13.4;1.6;3.2;0.5;0.5;1.3;0.375;1.1;1.9;0.585;0.576;0.6;0.7;0.833;0.8;2.2;3;1.1;0.7;0.2;0.4;0.9;4.3
279;Furkan Korkmaz;korkmfu01;SG;23;PHI;55;11;19.3;3.1;7.7;0.401;1.8;4.9;0.375;1.3;2.8;0.445;0.52;1.1;1.5;0.732;0.3;1.7;2.1;1.5;0.9;0.2;0.8;1.2;9.1
280;Luke Kornet;kornelu01;C-PF;25;TOT;31;2;11.2;1.4;3.3;0.436;0.5;1.9;0.254;0.9;1.4;0.69;0.51;0.1;0.2;0.5;0.5;1.7;2.2;0.8;0.1;1;0.2;0.6;3.4
281;Rodions Kurucs;kurucro01;SF-PF;22;TOT;21;0;6;0.5;1.5;0.344;0.3;1;0.286;0.2;0.5;0.455;0.438;0.1;0.2;0.75;0.2;0.9;1.1;0.5;0.4;0.2;0.6;0.8;1.5
282;Kyle Kuzma;kuzmaky01;SF;25;LAL;68;32;28.7;4.9;11.1;0.443;2;5.6;0.361;2.9;5.5;0.525;0.533;1;1.4;0.691;1.6;4.5;6.1;1.9;0.5;0.6;1.7;1.8;12.9
283;Anthony Lamb;lamban01;SF;23;HOU;24;3;17.3;1.9;4.9;0.39;1;3;0.324;1;2;0.489;0.487;0.8;0.9;0.857;1.1;1.8;2.9;1;0.3;0.2;0.8;1.4;5.5
284;Jeremy Lamb;lambje01;SG;28;IND;36;8;21.3;3.3;7.7;0.435;1.4;3.6;0.406;1.9;4.1;0.459;0.529;2;2.1;0.947;0.7;2.9;3.6;1.5;0.9;0.6;0.6;2;10.1
285;Romeo Langford;langfro01;SG;21;BOS;18;4;15.7;1.2;3.3;0.356;0.3;1;0.278;0.9;2.3;0.39;0.398;0.5;0.7;0.75;0.7;1.3;1.9;0.7;0.3;0.3;0.6;1.3;3.1
286;Zach LaVine;lavinza01;SG;25;CHI;58;58;35.1;9.8;19.4;0.507;3.4;8.2;0.419;6.4;11.1;0.571;0.596;4.4;5.1;0.849;0.6;4.4;5;4.9;0.8;0.5;3.5;2.4;27.4
287;Jake Layman;laymaja01;SF;26;MIN;45;11;13.9;2;4.1;0.495;0.5;1.7;0.295;1.5;2.4;0.642;0.557;0.6;0.8;0.703;0.3;1.2;1.5;0.6;0.6;0.4;0.6;1;5.1
288;T.J. Leaf;leaftj01;PF;23;POR;7;0;5;0.7;1.4;0.5;0;0;;0.7;1.4;0.5;0.5;0.3;0.3;1;0;0.7;0.7;0.1;0.3;0.1;0.3;0.1;1.7
289;Jalen Lecque;lecquja01;PG;20;IND;4;0;3;0.3;2.3;0.111;0;0.3;0;0.3;2;0.125;0.111;0.8;0.8;1;0.5;0.8;1.3;0.5;0;0;0;0;1.3
290;Damion Lee;leeda03;SG;28;GSW;57;1;18.9;2.2;4.8;0.467;1.4;3.4;0.397;0.9;1.4;0.638;0.608;0.7;0.8;0.909;0.4;2.8;3.2;1.3;0.7;0.1;0.5;1.6;6.5
291;Saben Lee;leesa01;PG;21;DET;48;7;16.3;2.1;4.4;0.471;0.2;0.5;0.348;1.9;3.9;0.487;0.49;1.3;1.9;0.685;0.4;1.6;2;3.6;0.7;0.3;1.1;1.6;5.6
292;Alex Len;lenal01;C;27;TOT;64;42;15.3;2.7;4.3;0.615;0.1;0.4;0.32;2.5;4;0.644;0.629;1.1;1.8;0.629;1.2;2.8;4.1;0.8;0.3;1;0.9;2;6.6
293;Kawhi Leonard;leonaka01;SF;29;LAC;52;52;34.1;8.9;17.5;0.512;1.9;4.9;0.398;7;12.6;0.557;0.568;5;5.7;0.885;1.1;5.4;6.5;5.2;1.6;0.4;2;1.6;24.8
294;Meyers Leonard;leoname01;C;28;MIA;3;2;9.7;1;2.3;0.429;1;2.3;0.429;0;0;;0.643;0.3;0.7;0.5;0;2.3;2.3;0.7;0;0;0.7;1.7;3.3
295;Caris LeVert;leverca01;SG;26;TOT;47;39;31.6;7.6;17.3;0.441;1.8;5.5;0.326;5.9;11.8;0.495;0.493;3.1;3.8;0.811;0.7;3.9;4.6;5.2;1.4;0.6;2.2;2.2;20.2
296;Kira Lewis Jr.;lewiski01;PG;19;NOP;54;0;16.7;2.4;6.2;0.386;0.7;2.2;0.333;1.7;4;0.415;0.445;0.8;0.9;0.843;0.2;1.1;1.3;2.3;0.7;0.2;0.6;1.6;6.4
297;Damian Lillard;lillada01;PG;30;POR;67;67;35.8;9;19.9;0.451;4.1;10.5;0.391;4.9;9.4;0.519;0.554;6.7;7.2;0.928;0.5;3.7;4.2;7.5;0.9;0.3;3;1.5;28.8
298;Nassir Little;littlna01;PF;20;POR;48;2;13.3;1.6;3.5;0.467;0.6;1.7;0.35;1;1.8;0.575;0.551;0.8;0.9;0.8;0.7;2;2.7;0.5;0.1;0.3;0.4;1.1;4.6
299;Kevon Looney;looneke01;C;24;GSW;61;34;19;1.8;3.2;0.548;0.1;0.3;0.235;1.7;3;0.578;0.558;0.5;0.8;0.646;1.9;3.4;5.3;2;0.3;0.4;0.6;2.2;4.1
300;Brook Lopez;lopezbr01;C;32;MIL;70;70;27.2;4.6;9.1;0.503;1.4;4;0.338;3.2;5.1;0.632;0.577;1.7;2;0.845;1.5;3.5;5;0.7;0.6;1.5;0.9;2.1;12.3
301;Robin Lopez;lopezro01;C;32;WAS;71;9;19.1;3.8;6;0.633;0.1;0.3;0.278;3.7;5.7;0.649;0.639;1.4;1.9;0.723;2;1.8;3.8;0.8;0.2;0.6;1.1;1.5;9
302;Didi Louzada;louzama01;SF;21;NOP;3;0;18.7;1;4.3;0.231;0.7;2.7;0.25;0.3;1.7;0.2;0.308;0;0;;0.3;0.7;1;1;0.7;0;1;1.7;2.7
303;Kevin Love;loveke01;PF;32;CLE;25;25;24.9;4.1;10.1;0.409;2.3;6.2;0.365;1.8;3.8;0.479;0.522;1.7;2;0.824;0.7;6.8;7.4;2.5;0.6;0.1;1.5;1;12.2
304;Kyle Lowry;lowryky01;PG;34;TOR;46;46;34.8;5.7;13;0.436;2.8;7.2;0.396;2.8;5.8;0.487;0.546;3;3.5;0.875;0.8;4.6;5.4;7.3;1;0.3;2.7;3.1;17.2
305;Timothé Luwawu-Cabarrot;luwawti01;SF;25;BRK;58;7;18.1;2.2;6.1;0.365;1.3;4.1;0.314;0.9;2;0.47;0.471;0.6;0.7;0.814;0.5;1.7;2.2;1.2;0.6;0.1;0.7;1.7;6.4
306;Trey Lyles;lylestr01;PF;25;SAS;23;9;15.6;1.9;3.9;0.478;0.6;1.7;0.35;1.3;2.2;0.58;0.556;0.7;1;0.652;0.4;3.3;3.7;0.6;0.3;0;0.3;0.6;5
307;Will Magnay;magnawi01;C;22;NOP;1;0;3;0;1;0;0;1;0;0;0;;0;0;0;;0;0;0;0;0;0;1;1;0
308;Thon Maker;makerth01;C;23;CLE;8;0;9.5;1.3;2.3;0.556;0;0.3;0;1.3;2;0.625;0.556;1.3;1.4;0.909;1;1.3;2.3;0.5;0.3;0.5;0.4;0.9;3.8
309;Théo Maledon;maledth01;PG;19;OKC;65;49;27.4;3.5;9.4;0.368;1.6;4.8;0.335;1.9;4.6;0.402;0.454;1.6;2.1;0.748;0.4;2.9;3.2;3.5;0.9;0.2;2.2;1.9;10.1
310;Karim Mané;maneka01;PG;20;ORL;10;0;8.8;0.3;1.3;0.231;0.1;0.2;0.5;0.2;1.1;0.182;0.269;0.4;0.5;0.8;0.1;1.3;1.4;0.4;0;0.2;0.3;1;1.1
311;Terance Mann;mannte01;SG;24;LAC;67;10;18.9;2.7;5.2;0.509;0.6;1.4;0.418;2.1;3.9;0.541;0.563;1.2;1.4;0.83;0.8;2.8;3.6;1.6;0.4;0.2;0.6;1.9;7
312;Nico Mannion;mannini01;PG;19;GSW;30;1;12.1;1.3;3.8;0.342;0.7;2;0.367;0.6;1.8;0.315;0.439;0.8;0.9;0.821;0.2;1.3;1.5;2.3;0.5;0;1;1;4.1
313;Boban Marjanović;marjabo01;C;32;DAL;33;3;8.2;1.9;3.7;0.508;0;0.2;0.125;1.8;3.5;0.535;0.512;0.9;1.2;0.816;1.4;2.5;3.9;0.3;0.1;0.2;0.4;0.9;4.7
314;Lauri Markkanen;markkla01;PF;23;CHI;51;26;25.8;4.9;10.2;0.48;2.3;5.8;0.402;2.6;4.4;0.582;0.594;1.5;1.8;0.826;0.7;4.6;5.3;0.9;0.5;0.3;1;1.5;13.6
315;Naji Marshall;marshna01;SF;23;NOP;32;10;21.9;2.6;6.5;0.392;0.9;2.6;0.349;1.7;3.9;0.421;0.462;1.7;2.3;0.707;0.5;4.2;4.6;2.8;0.8;0.3;1.2;1.8;7.7
316;Caleb Martin;martica02;SF;25;CHO;53;3;15.4;1.8;4.8;0.375;0.6;2.4;0.248;1.2;2.5;0.496;0.436;0.8;1.2;0.641;0.6;2.1;2.7;1.3;0.7;0.2;0.6;1.2;5
317;Cody Martin;martico01;SF;25;CHO;52;10;16.3;1.6;3.6;0.441;0.3;1.1;0.276;1.3;2.5;0.515;0.484;0.5;0.8;0.581;1;2.1;3.1;1.7;0.7;0.2;0.8;1;4
318;Jeremiah Martin;martije02;PG;24;CLE;9;0;8.3;1;3.7;0.273;0.3;1.3;0.25;0.7;2.3;0.286;0.318;0.1;0.6;0.2;0.2;0.6;0.8;0.4;0.6;0.2;0.7;0.1;2.4
319;Kelan Martin;martike03;SF;25;IND;35;0;9.2;1.8;3.9;0.449;0.7;1.7;0.4;1.1;2.2;0.487;0.536;0.3;0.3;0.9;0.5;1.7;2.2;0.5;0.3;0.3;0.5;1;4.5
320;Kenyon Martin Jr.;martike04;SF;20;HOU;45;8;23.7;3.6;7.1;0.509;0.8;2.1;0.365;2.8;4.9;0.572;0.564;1.3;1.9;0.714;1.6;3.8;5.4;1.1;0.7;0.9;0.8;2;9.3
321;Frank Mason III;masonfr01;PG;26;ORL;4;1;19.8;2.3;6;0.375;0.5;1.3;0.4;1.8;4.8;0.368;0.417;1.3;1.8;0.714;0.8;2.3;3;3;0;0;1.3;1.8;6.3
322;Garrison Mathews;mathega01;SG;24;WAS;64;24;16.2;1.5;3.7;0.409;1.2;3.1;0.384;0.3;0.6;0.538;0.57;1.3;1.5;0.884;0.3;1.1;1.4;0.4;0.5;0.1;0.2;1.7;5.5
323;Dakota Mathias;mathida01;SG;25;PHI;8;2;15.4;2.4;6;0.396;1;3.3;0.308;1.4;2.8;0.5;0.479;0.3;0.8;0.333;0.1;0.8;0.9;1.6;0.1;0.4;0.1;0.9;6
324;Wesley Matthews;matthwe02;SG;34;LAL;58;10;19.5;1.5;4.3;0.353;1.1;3.4;0.335;0.4;0.9;0.418;0.484;0.6;0.7;0.854;0.3;1.3;1.6;0.9;0.7;0.3;0.4;1.4;4.8
325;Tyrese Maxey;maxeyty01;SG;20;PHI;61;8;15.3;3.2;7;0.462;0.5;1.7;0.301;2.7;5.3;0.512;0.498;1;1.1;0.871;0.2;1.5;1.7;2;0.4;0.2;0.7;1.3;8
326;Skylar Mays;mayssk01;SG;23;ATL;33;0;8.2;1.3;3;0.449;0.4;1.2;0.35;0.9;1.8;0.517;0.52;0.7;0.8;0.88;0.3;0.8;1.1;0.9;0.4;0.1;0.3;0.5;3.8
327;Patrick McCaw;mccawpa01;SF;25;TOR;5;0;6.6;0.2;0.2;1;0;0;;0.2;0.2;1;1;0.6;0.6;1;0.2;0.4;0.6;0.8;0.4;0;0;1.2;1
328;CJ McCollum;mccolcj01;SG;29;POR;47;47;34;8.6;18.8;0.458;3.6;8.9;0.402;5;9.9;0.509;0.554;2.3;2.8;0.812;0.6;3.3;3.9;4.7;0.9;0.4;1.4;1.9;23.1
329;T.J. McConnell;mccontj01;PG;28;IND;69;3;26;4;7.1;0.559;0.2;0.7;0.313;3.8;6.4;0.586;0.574;0.5;0.7;0.688;0.8;2.9;3.7;6.6;1.9;0.3;2;1.6;8.6
330;Jaden McDaniels;mcdanja02;PF;20;MIN;63;27;24;2.6;5.8;0.447;1.1;3.1;0.364;1.5;2.7;0.544;0.545;0.4;0.7;0.6;0.8;2.9;3.7;1.1;0.6;1;0.7;2.7;6.8
331;Jalen McDaniels;mcdanja01;SF;23;CHO;47;18;19.2;2.8;6;0.468;0.7;2.2;0.333;2.1;3.8;0.547;0.53;1;1.4;0.703;1;2.6;3.6;1.1;0.6;0.4;1;2;7.4
332;Doug McDermott;mcderdo01;PF;29;IND;66;29;24.5;5.4;10.1;0.532;1.7;4.3;0.388;3.7;5.7;0.641;0.616;1.2;1.5;0.816;0.9;2.4;3.3;1.3;0.3;0.1;0.8;1.8;13.6
333;Sean McDermott;mcderse01;SF;24;MEM;18;0;8.8;0.7;1.8;0.394;0.3;1.2;0.227;0.4;0.6;0.727;0.47;0.4;0.4;1;0.3;0.7;1.1;0.2;0.1;0.2;0.2;0.4;2.2
334;JaVale McGee;mcgeeja01;C;33;TOT;46;2;14.7;3.1;6.1;0.511;0.1;0.5;0.208;3;5.6;0.539;0.52;1;1.5;0.657;1.7;3.5;5.2;0.8;0.4;1.2;1.3;2.6;7.3
335;Rodney McGruder;mcgruro01;SG;29;DET;16;2;12.1;2.3;4.4;0.529;0.7;1.5;0.458;1.6;2.9;0.565;0.607;0.4;0.5;0.75;0.5;0.9;1.4;1;0.5;0.1;0.4;0.8;5.7
336;Alfonzo McKinnie;mckinal01;SF;28;LAL;39;0;6.6;1.2;2.4;0.516;0.4;1;0.41;0.8;1.4;0.593;0.602;0.3;0.5;0.556;0.6;0.8;1.4;0.2;0.2;0;0.1;0.7;3.1
337;Jordan McLaughlin;mclaujo01;PG;24;MIN;51;2;18.4;2;4.7;0.413;0.6;1.8;0.359;1.3;2.9;0.447;0.481;0.5;0.6;0.767;0.4;1.7;2.1;3.8;1;0.1;1;0.9;5
338;Ben McLemore;mclembe01;SG;27;TOT;53;5;17.1;2.5;6.9;0.37;1.8;5.3;0.346;0.7;1.6;0.447;0.503;0.7;1;0.736;0.3;1.6;1.9;0.7;0.4;0.2;0.8;1.7;7.7
339;Nicolò Melli;mellini01;PF;30;TOT;45;4;12.6;1;3.1;0.326;0.5;1.9;0.271;0.5;1.2;0.411;0.408;0.4;0.6;0.76;0.6;2.1;2.7;1;0.3;0.1;0.3;1.3;3
340;De'Anthony Melton;meltode01;PG;22;MEM;52;1;20.1;3.3;7.6;0.438;1.7;4.1;0.412;1.6;3.5;0.467;0.548;0.8;1;0.804;0.6;2.5;3.1;2.5;1.2;0.6;1.3;1.6;9.1
341;Sam Merrill;merrisa01;SG;24;MIL;30;2;7.8;1.1;2.4;0.444;0.7;1.6;0.447;0.4;0.8;0.44;0.59;0.1;0.1;1;0.2;0.8;1;0.7;0.3;0;0.3;0.6;3
342;Chimezie Metu;metuch01;C;23;SAC;36;6;13.6;2.5;5;0.508;0.4;1;0.351;2.2;3.9;0.549;0.545;0.9;1.2;0.721;0.9;2.3;3.1;0.8;0.4;0.5;0.8;1.6;6.3
343;Khris Middleton;middlkh01;SF;29;MIL;68;68;33.4;7.5;15.8;0.476;2.2;5.4;0.414;5.3;10.4;0.508;0.546;3.1;3.5;0.898;0.8;5.2;6;5.4;1.1;0.1;2.6;2.4;20.4
344;Darius Miller;milleda01;SF;30;OKC;18;0;10.9;1.2;2.7;0.458;0.9;2.3;0.405;0.3;0.3;0.833;0.635;0.7;0.7;1;0.1;1.2;1.3;1.2;0.7;0.3;0.4;0.7;4.1
345;Patty Mills;millspa02;PG;32;SAS;68;1;24.8;3.7;9;0.412;2.4;6.3;0.375;1.3;2.7;0.5;0.544;1;1.1;0.91;0.3;1.4;1.7;2.4;0.6;0;1;1.2;10.8
346;Paul Millsap;millspa01;PF;35;DEN;56;36;20.8;3.4;7.2;0.476;0.9;2.6;0.343;2.5;4.6;0.55;0.537;1.3;1.8;0.724;1.4;3.3;4.7;1.8;0.9;0.6;0.9;2;9
347;Shake Milton;miltosh01;SG;24;PHI;63;4;23.2;4.8;10.6;0.45;1.1;3.2;0.35;3.6;7.4;0.494;0.503;2.3;2.8;0.83;0.5;1.8;2.3;3.1;0.6;0.3;1.6;2.1;13
348;Donovan Mitchell;mitchdo01;PG;24;UTA;53;53;33.4;9;20.6;0.438;3.4;8.7;0.386;5.7;11.9;0.476;0.52;5;6;0.845;0.9;3.5;4.4;5.2;1;0.3;2.8;2.2;26.4
349;Adam Mokoka;mokokad01;SG;22;CHI;14;0;4;0.5;1.4;0.368;0.1;0.7;0.1;0.4;0.6;0.667;0.395;0;0.1;0;0.1;0.3;0.4;0.4;0.1;0.1;0.4;0.4;1.1
350;Malik Monk;monkma01;SG;22;CHO;42;0;20.9;4.1;9.5;0.434;2;5;0.401;2.1;4.5;0.471;0.54;1.4;1.7;0.819;0.3;2.1;2.4;2.1;0.5;0.1;1.3;1.1;11.7
351;E'Twaun Moore;mooreet01;SG;31;PHO;27;1;14.4;2;4.5;0.455;0.4;1.3;0.314;1.6;3.2;0.512;0.5;0.4;0.5;0.857;0.5;1.1;1.7;1.5;0.6;0.2;0.9;1.2;4.9
352;Ja Morant;moranja01;PG;21;MEM;63;63;32.6;6.8;15.2;0.449;1.2;3.8;0.303;5.7;11.4;0.499;0.487;4.3;5.9;0.728;0.9;3.1;4;7.4;0.9;0.2;3.2;1.4;19.1
353;Juwan Morgan;morgaju01;PF;23;UTA;29;0;5.1;0.5;1;0.467;0.1;0.4;0.308;0.3;0.6;0.588;0.533;0.1;0.2;0.429;0.3;0.7;1;0.3;0.1;0;0.1;0.7;1.2
354;Marcus Morris;morrima03;PF;31;LAC;57;29;26.4;4.8;10.2;0.473;2.5;5.2;0.473;2.4;5.1;0.472;0.592;1.3;1.6;0.82;0.6;3.5;4.1;1;0.6;0.3;1;2.1;13.4
355;Markieff Morris;morrima02;PF;31;LAL;61;27;19.7;2.5;6.2;0.405;1.1;3.4;0.311;1.4;2.8;0.521;0.491;0.6;0.8;0.72;0.8;3.6;4.4;1.2;0.4;0.3;0.9;1.7;6.7
356;Monte Morris;morrimo01;PG;25;DEN;47;13;25.4;4;8.2;0.481;1.1;2.9;0.381;2.9;5.4;0.534;0.547;1.2;1.6;0.795;0.2;1.8;2;3.2;0.7;0.3;0.7;1;10.2
357;Mychal Mulder;muldemy01;PG;26;GSW;60;6;12.8;2;4.4;0.449;1.4;3.6;0.397;0.6;0.9;0.667;0.609;0.2;0.4;0.636;0.1;0.9;1;0.4;0.2;0.2;0.3;0.9;5.6
358;Dejounte Murray;murrade01;PG;24;SAS;67;67;31.9;6.6;14.5;0.453;0.9;3;0.317;5.6;11.6;0.488;0.485;1.6;2;0.791;0.9;6.2;7.1;5.4;1.5;0.1;1.7;2;15.7
359;Jamal Murray;murraja01;PG;23;DEN;48;48;35.5;7.9;16.5;0.477;2.7;6.6;0.408;5.2;9.9;0.523;0.559;2.8;3.2;0.869;0.8;3.3;4;4.8;1.3;0.3;2.3;2;21.2
360;Mike Muscala;muscami01;C;29;OKC;35;0;18.4;3.4;7.6;0.446;1.9;5.3;0.37;1.5;2.4;0.614;0.573;0.9;1;0.917;0.5;3.2;3.8;0.8;0.2;0.3;0.6;1.5;9.7
361;Svi Mykhailiuk;mykhasv01;SF-SG;23;TOT;66;14;20.1;3.2;7.7;0.411;1.6;4.8;0.334;1.6;2.9;0.536;0.515;0.6;0.8;0.76;0.4;2.1;2.5;1.7;0.8;0.2;1.3;1;8.5
362;Abdel Nader;naderab01;SF;27;PHO;24;0;14.8;2.4;4.8;0.491;0.8;1.8;0.419;1.6;3;0.534;0.569;1.2;1.5;0.757;0.3;2.3;2.6;0.8;0.4;0.4;0.8;1.4;6.7
363;Larry Nance Jr.;nancela02;PF;28;CLE;35;27;31.2;3.7;7.8;0.471;1.2;3.3;0.36;2.5;4.5;0.551;0.546;0.9;1.4;0.612;1.5;5.2;6.7;3.1;1.7;0.5;1.6;2.1;9.3
364;Aaron Nesmith;nesmiaa01;SF;21;BOS;46;1;14.5;1.7;3.9;0.438;0.9;2.3;0.37;0.8;1.5;0.543;0.551;0.5;0.6;0.786;0.6;2.2;2.8;0.5;0.3;0.2;0.5;1.9;4.7
365;Raul Neto;netora01;PG;28;WAS;64;22;21.9;3.3;7;0.468;1;2.6;0.39;2.3;4.4;0.512;0.539;1.2;1.3;0.882;0.4;2;2.4;2.3;1.1;0.1;0.8;1.7;8.7
366;Georges Niang;niangge01;PF;27;UTA;72;10;16;2.5;5.6;0.437;1.7;4.1;0.425;0.7;1.6;0.469;0.59;0.3;0.3;0.957;0.4;2.1;2.4;0.8;0.3;0.1;0.7;1.6;6.9
367;Zeke Nnaji;nnajize01;PF;20;DEN;42;1;9.5;1.2;2.5;0.481;0.6;1.4;0.407;0.6;1.1;0.578;0.596;0.3;0.4;0.8;0.3;1.2;1.5;0.2;0.2;0.1;0.2;0.7;3.2
368;Nerlens Noel;noelne01;C;26;NYK;64;41;24.2;2.1;3.5;0.614;0;0;0;2.1;3.4;0.623;0.614;0.8;1.1;0.714;2.2;4.2;6.4;0.7;1.1;2.2;1;2.8;5.1
369;Jaylen Nowell;nowelja01;SG;21;MIN;42;0;18.1;3.4;8;0.424;1.2;3.6;0.333;2.2;4.4;0.497;0.499;1.1;1.3;0.818;0.5;1.8;2.3;1.5;0.5;0.3;0.7;1.7;9
370;Frank Ntilikina;ntilila01;PG;22;NYK;33;4;9.8;0.9;2.4;0.367;0.7;1.5;0.479;0.2;0.9;0.194;0.513;0.2;0.5;0.444;0.2;0.8;0.9;0.6;0.5;0.1;0.3;1.4;2.7
371;Kendrick Nunn;nunnke01;PG;25;MIA;56;44;29.5;5.7;11.8;0.485;2.2;5.7;0.381;3.5;6;0.583;0.578;1;1.1;0.933;0.4;2.8;3.2;2.6;0.9;0.3;1.4;1.9;14.6
372;James Nunnally;nunnaja01;SF;30;NOP;9;0;5.3;0.6;1.4;0.385;0.4;1.3;0.333;0.1;0.1;1;0.538;0.1;0.2;0.5;0.2;0.8;1;0.3;0;0;0.2;0.1;1.7
373;Jusuf Nurkić;nurkiju01;C;26;POR;37;37;23.8;4.6;9;0.514;0.3;0.8;0.4;4.3;8.2;0.525;0.532;1.9;3.1;0.619;2.3;6.6;9;3.4;1;1.1;2;2.8;11.5
374;David Nwaba;nwabada01;SF;28;HOU;30;9;22.6;3.5;7.3;0.486;0.6;2.1;0.27;3;5.2;0.574;0.525;1.6;2.3;0.691;1.3;2.6;3.9;1;1;0.7;0.6;2;9.2
375;Jordan Nwora;nworajo01;SF;22;MIL;30;2;9.1;2.1;4.5;0.459;0.9;2.1;0.452;1.1;2.4;0.466;0.563;0.6;0.8;0.76;0.3;1.7;2;0.2;0.5;0.2;0.8;0.7;5.7
376;Royce O'Neale;onealro01;SF;27;UTA;71;71;31.6;2.5;5.5;0.444;1.5;3.9;0.385;1;1.6;0.586;0.58;0.5;0.6;0.848;1.2;5.6;6.8;2.5;0.8;0.5;1.2;2.6;7
377;Semi Ojeleye;ojelese01;PF;26;BOS;56;15;17;1.6;3.9;0.403;1;2.8;0.367;0.6;1.1;0.492;0.534;0.4;0.6;0.75;0.6;2.1;2.6;0.7;0.3;0;0.4;1;4.6
378;Jahlil Okafor;okafoja01;C;25;DET;27;2;12.9;2.3;3.8;0.618;0.1;0.3;0.222;2.3;3.4;0.656;0.627;0.6;0.9;0.708;0.9;1.6;2.4;0.5;0.2;0.2;0.8;1.4;5.4
379;Chuma Okeke;okekech01;PF;22;ORL;45;19;25.2;3;7.2;0.417;1.1;3.1;0.348;1.9;4.1;0.47;0.492;0.7;0.9;0.75;0.9;3.1;4;2.2;1.1;0.5;0.8;1.1;7.8
380;Josh Okogie;okogijo01;SG;22;MIN;59;37;20.3;1.7;4.3;0.402;0.5;1.8;0.269;1.2;2.5;0.5;0.459;1.4;1.8;0.769;1.1;1.6;2.6;1.1;0.9;0.5;0.7;2.1;5.4
381;Onyeka Okongwu;okongon01;C;20;ATL;50;4;12;1.9;3;0.644;0;0.1;0;1.9;2.9;0.658;0.644;0.7;1.1;0.632;1.2;2;3.3;0.4;0.5;0.7;0.6;2;4.6
382;Isaac Okoro;okorois01;SG;20;CLE;67;67;32.4;3.5;8.3;0.42;0.9;3.2;0.29;2.6;5.1;0.501;0.476;1.7;2.3;0.726;1;2.1;3.1;1.9;0.9;0.4;1.3;2.8;9.6
383;KZ Okpala;okpalkz01;PF;21;MIA;37;9;12.1;1;2.6;0.375;0.3;1.4;0.24;0.6;1.2;0.522;0.438;0.2;0.4;0.533;0.6;1.3;1.8;0.5;0.3;0.3;0.4;1.6;2.5
384;Victor Oladipo;oladivi01;SG;28;TOT;33;33;32.7;7.1;17.5;0.408;2.4;7.2;0.326;4.8;10.2;0.466;0.476;3.2;4.2;0.754;0.4;4.5;4.8;4.6;1.4;0.4;2.5;2.5;19.8
385;Cameron Oliver;oliveca01;SF;24;HOU;4;0;21.8;4.8;8.3;0.576;1;3.3;0.308;3.8;5;0.75;0.636;0.3;1;0.25;1.3;4;5.3;1.3;0.5;1;0.8;2.8;10.8
386;Kelly Olynyk;olynyke01;C-PF;29;TOT;70;62;28.5;4.8;10;0.484;1.8;5.3;0.342;3;4.7;0.641;0.574;2.1;2.5;0.829;1.2;5.7;7;2.9;1.1;0.6;1.8;3;13.5
387;Miye Oni;onimi01;SG;23;UTA;54;0;9.6;0.6;1.8;0.354;0.6;1.6;0.341;0.1;0.2;0.455;0.505;0.1;0.1;0.833;0.4;1.1;1.6;0.5;0.2;0.1;0.3;1.1;1.9
388;Cedi Osman;osmande01;SF;25;CLE;59;26;25.6;3.7;9.9;0.374;1.7;5.5;0.306;2;4.4;0.458;0.458;1.3;1.6;0.8;0.6;2.8;3.4;2.9;0.9;0.2;1.4;2;10.4
389;Daniel Oturu;oturuda01;C;21;LAC;30;0;5.4;0.7;1.7;0.423;0;0.2;0.2;0.7;1.6;0.447;0.433;0.3;0.4;0.75;0.7;0.9;1.6;0.3;0.1;0.2;0.3;0.8;1.8
390;Kelly Oubre Jr.;oubreke01;SF;25;GSW;55;50;30.7;5.8;13.2;0.439;1.6;5.2;0.316;4.1;8;0.519;0.501;2.2;3.2;0.695;1.5;4.5;6;1.3;1;0.8;1.3;2.2;15.4
391;Jabari Parker;parkeja01;PF;25;TOT;13;0;12.7;2.3;4.2;0.545;0.2;0.8;0.182;2.2;3.4;0.636;0.564;0.8;1;0.769;0.8;2.5;3.2;0.8;0.1;0.4;0.8;1;5.5
392;Eric Paschall;pascher01;PF;24;GSW;40;2;17.4;3.7;7.5;0.497;0.5;1.4;0.333;3.3;6.1;0.533;0.527;1.7;2.4;0.713;0.7;2.5;3.2;1.3;0.3;0.2;1.1;1.7;9.5
393;Anžejs Pasečņiks;pasecan01;C;25;WAS;1;0;6;0;1;0;0;1;0;0;0;;0;0;0;;1;0;1;1;0;0;5;2;0
394;Patrick Patterson;pattepa01;PF;31;LAC;38;5;15.3;1.9;4.3;0.436;1.1;2.9;0.357;0.8;1.4;0.604;0.558;0.3;0.4;0.765;0.5;1.5;2;0.8;0.4;0.2;0.3;1.2;5.2
395;Justin Patton;pattoju01;C;23;HOU;13;6;19;2.2;5.4;0.414;0.7;2.6;0.265;1.5;2.8;0.556;0.479;0.2;0.3;0.75;1.1;2.7;3.8;1.1;0.9;1.1;0.3;2.6;5.4
396;Chris Paul;paulch01;PG;35;PHO;70;70;31.4;6.3;12.6;0.499;1.5;3.7;0.395;4.8;8.9;0.543;0.557;2.4;2.6;0.934;0.4;4.1;4.5;8.9;1.4;0.3;2.2;2.4;16.4
397;Cameron Payne;payneca01;PG;26;PHO;60;1;18;3.2;6.6;0.484;1.2;2.8;0.44;2;3.8;0.515;0.576;0.8;0.9;0.893;0.3;2.1;2.4;3.6;0.6;0.3;1;1.6;8.4
398;Elfrid Payton;paytoel01;PG;26;NYK;63;63;23.6;4.3;9.9;0.432;0.4;1.6;0.286;3.8;8.3;0.46;0.455;1.2;1.7;0.682;1;2.4;3.4;3.2;0.7;0.1;1.6;1.8;10.1
399;Gary Payton II;paytoga02;PG;28;GSW;10;0;4;1;1.3;0.769;0.2;0.4;0.5;0.8;0.9;0.889;0.846;0.3;0.4;0.75;0.2;0.9;1.1;0.1;0.6;0.1;0.1;0.8;2.5
400;Norvel Pelle;pelleno01;C;27;TOT;13;0;6.5;0.6;1.2;0.533;0;0;;0.6;1.2;0.533;0.533;0.3;0.5;0.667;0.5;1;1.5;0.2;0.1;0.7;0.2;1.1;1.5
401;Reggie Perry;perryre01;PF;20;BRK;26;0;8.1;1.2;3;0.41;0.2;0.8;0.19;1.1;2.2;0.491;0.436;0.4;0.5;0.769;1;1.8;2.8;0.5;0.2;0.2;0.6;1.5;3
402;Theo Pinson;pinsoth01;SG;25;NYK;17;0;2;0.1;0.5;0.111;0;0.5;0;0.1;0.1;1;0.111;0;0;;0;0.3;0.3;0.1;0;0;0.1;0.2;0.1
403;Mason Plumlee;plumlma01;C;30;DET;56;56;26.8;4.2;6.8;0.614;0;0.1;0;4.2;6.7;0.626;0.614;2;3;0.669;2.6;6.7;9.3;3.6;0.8;0.9;1.9;3.3;10.4
404;Jakob Poeltl;poeltja01;C;25;SAS;69;51;26.7;3.8;6.2;0.616;0;0;;3.8;6.2;0.616;0.616;0.9;1.8;0.508;3.2;4.8;7.9;1.9;0.7;1.8;1.2;2.5;8.6
405;Vincent Poirier;poirivi01;C;27;PHI;10;0;3.9;0.3;1.2;0.25;0;0.1;0;0.3;1.1;0.273;0.25;0.2;0.6;0.333;0.6;0.8;1.4;0.2;0;0.3;0.4;0.8;0.8
406;Aleksej Pokusevski;pokusal01;PF;19;OKC;45;28;24.2;3.1;9.1;0.341;1.3;4.6;0.28;1.8;4.5;0.403;0.412;0.7;0.9;0.738;0.7;4;4.7;2.2;0.4;0.9;2.2;1.3;8.2
407;Jordan Poole;poolejo01;SG;21;GSW;51;7;19.4;4;9.3;0.432;1.9;5.4;0.351;2.1;3.9;0.545;0.535;2.1;2.3;0.882;0.3;1.5;1.8;1.9;0.5;0.2;1;1.7;12
408;Jontay Porter;portejo01;PF;21;MEM;11;0;4.9;0.7;1.4;0.533;0.3;0.7;0.375;0.5;0.6;0.714;0.633;0.3;0.5;0.6;0.4;0.9;1.3;0.1;0.3;0.1;0.6;1.1;2
409;Kevin Porter Jr.;porteke02;SG;20;HOU;26;23;32.1;6;14.1;0.425;1.9;6.2;0.311;4.1;7.9;0.515;0.493;2.7;3.6;0.734;0.8;3;3.8;6.3;0.7;0.3;3.5;2.3;16.6
410;Michael Porter Jr.;portemi01;SF;22;DEN;61;54;31.3;7.3;13.4;0.542;2.8;6.3;0.445;4.5;7.1;0.628;0.646;1.7;2.2;0.791;1.5;5.8;7.3;1.1;0.7;0.9;1.3;2.1;19
411;Otto Porter;porteot01;SF-PF;27;TOT;28;6;21.6;3.5;8.1;0.432;1.4;3.7;0.375;2.1;4.4;0.48;0.518;1.3;1.5;0.857;1;4.4;5.4;2;0.6;0.1;0.9;1.5;9.7
412;Bobby Portis;portibo01;C;25;MIL;66;7;20.8;4.7;9.1;0.523;1.1;2.4;0.471;3.6;6.7;0.542;0.585;0.8;1.1;0.74;1.9;5.2;7.1;1.1;0.8;0.4;0.8;1.7;11.4
413;Kristaps Porziņģis;porzikr01;C;25;DAL;43;43;30.9;7.6;15.9;0.476;2.3;6;0.376;5.3;9.9;0.536;0.547;2.7;3.2;0.855;1.9;7;8.9;1.6;0.5;1.3;1.2;2.7;20.1
414;Dwight Powell;poweldw01;C;29;DAL;58;19;16.7;2.1;3.3;0.619;0.1;0.4;0.238;2;3;0.665;0.631;1.7;2.1;0.782;1.4;2.7;4;1.1;0.6;0.5;0.7;2.3;5.9
415;Norman Powell;powelno01;SG-SF;27;TOT;69;58;32;6.3;13.3;0.477;2.5;6;0.411;3.9;7.3;0.532;0.57;3.4;3.9;0.871;0.6;2.5;3.1;1.9;1.2;0.3;1.7;2.3;18.6
416;Taurean Prince;princta02;PF;26;TOT;41;10;22.1;3.2;8;0.401;1.5;3.8;0.4;1.7;4.2;0.401;0.495;1.6;1.9;0.855;0.5;3;3.5;1.9;0.7;0.6;1.1;1.8;9.5
417;Payton Pritchard;pritcpa01;SG;23;BOS;66;4;19.2;2.8;6.3;0.44;1.5;3.8;0.411;1.2;2.6;0.482;0.562;0.6;0.7;0.889;0.5;1.9;2.4;1.8;0.6;0.1;0.8;1.6;7.7
418;Immanuel Quickley;quickim01;PG;21;NYK;64;3;19.4;3.6;9.1;0.395;1.8;4.7;0.389;1.7;4.3;0.401;0.497;2.4;2.7;0.891;0.4;1.8;2.1;2;0.5;0.2;0.9;1.8;11.4
419;Jahmi'us Ramsey;ramseja01;SG;19;SAC;13;0;7.2;1.2;2.9;0.395;0.4;1.5;0.263;0.8;1.5;0.526;0.461;0.4;0.4;1;0.2;0.6;0.8;0.5;0.3;0.1;0.2;0.6;3.1
420;Chasson Randle;randlch01;PG;27;ORL;41;5;20.4;2.2;5.8;0.388;1.1;3.2;0.338;1.2;2.6;0.449;0.481;0.9;1.2;0.792;0.2;1.8;2;1.8;0.5;0.1;1.1;1.6;6.5
421;Julius Randle;randlju01;PF;26;NYK;71;71;37.6;8.5;18.6;0.456;2.3;5.5;0.411;6.2;13.1;0.474;0.516;4.9;6;0.811;1.2;9;10.2;6;0.9;0.3;3.4;3.2;24.1
422;Cam Reddish;reddica01;SF;21;ATL;26;21;28.8;3.7;10.1;0.365;1.3;4.8;0.262;2.4;5.3;0.46;0.428;2.6;3.2;0.817;0.8;3.2;4;1.3;1.3;0.3;1.3;2.6;11.2
423;J.J. Redick;redicjj01;SG;36;TOT;44;0;16.4;2.4;6.1;0.397;1.5;4;0.371;0.9;2;0.449;0.521;1.1;1.2;0.942;0.1;1.4;1.5;1.2;0.3;0.1;0.8;1.1;7.4
424;Paul Reed;reedpa01;PF;21;PHI;26;0;6.8;1.6;3;0.538;0;0.2;0;1.6;2.8;0.583;0.538;0.2;0.3;0.5;1.2;1.2;2.3;0.5;0.4;0.5;0.5;1.1;3.4
425;Naz Reid;reidna01;C;21;MIN;70;15;19.2;4.3;8.3;0.523;0.9;2.5;0.351;3.5;5.8;0.597;0.576;1.6;2.4;0.693;1.2;3.4;4.6;1;0.5;1.1;1;2.6;11.2
426;Cameron Reynolds;reynoca01;SF;25;TOT;5;0;8;1.2;3.6;0.333;0.6;2.4;0.25;0.6;1.2;0.5;0.417;0;0;;0.4;0.6;1;0.4;0;0;0;0.4;3
427;Nick Richards;richani01;PF;23;CHO;18;0;3.5;0.2;0.5;0.444;0;0.1;0;0.2;0.4;0.5;0.444;0.4;0.6;0.636;0.2;0.4;0.6;0.1;0;0;0.2;0.4;0.8
428;Josh Richardson;richajo01;SG;27;DAL;59;56;30.3;4.5;10.5;0.427;1.5;4.5;0.33;3;5.9;0.501;0.498;1.7;1.8;0.917;0.9;2.4;3.3;2.6;1;0.4;1.3;2.2;12.1
429;Grant Riller;rillegr01;PG;23;CHO;7;0;3.9;1.1;1.7;0.667;0.3;0.6;0.5;0.9;1.1;0.75;0.75;0;0;;0;0.1;0.1;0.4;0.1;0;0.1;0;2.6
430;Austin Rivers;riverau01;SG;28;TOT;36;7;23.5;2.9;6.8;0.424;1.5;4.1;0.369;1.4;2.7;0.51;0.537;0.6;0.9;0.71;0.2;2.1;2.3;2.3;0.8;0.1;1;1.8;7.9
431;Andre Roberson;roberan03;SG;29;BRK;5;0;12.6;0.4;2.8;0.143;0.2;1.6;0.125;0.2;1.2;0.167;0.179;0.2;0.4;0.5;1.4;1.6;3;0.8;0.6;0.2;0.4;0.8;1.2
432;Duncan Robinson;robindu01;SF;26;MIA;72;72;31.4;4.4;10;0.439;3.5;8.5;0.408;0.9;1.4;0.625;0.614;0.9;1;0.827;0.1;3.4;3.5;1.8;0.6;0.3;1.1;2.5;13.1
433;Glenn Robinson III;robingl02;SF;27;SAC;23;2;16;1.8;4.3;0.424;0.7;1.9;0.364;1.1;2.4;0.473;0.505;0.9;1;0.913;0.5;1.5;2;0.9;0.2;0.1;0.5;1;5.3
434;Jerome Robinson;robinje01;SG;23;WAS;17;6;17.9;1.6;5.6;0.295;0.6;2.5;0.262;1;3.1;0.321;0.353;0.9;1.2;0.8;0.2;2;2.2;1.5;0.7;0.4;1.1;1.8;4.9
435;Justin Robinson;robinju01;PG;23;OKC;9;0;9.8;0.8;2.3;0.333;0.4;1.6;0.286;0.3;0.8;0.429;0.429;0.3;0.6;0.6;0.1;0.7;0.8;1;0.3;0;0.2;1.1;2.3
436;Mitchell Robinson;robinmi01;C;22;NYK;31;29;27.5;3.7;5.7;0.653;0;0;;3.7;5.7;0.653;0.653;0.8;1.7;0.491;3.6;4.5;8.1;0.5;1.1;1.5;0.8;2.8;8.3
437;Isaiah Roby;robyis01;PF;22;OKC;61;34;23.4;3.4;7;0.483;0.5;1.8;0.294;2.9;5.2;0.547;0.52;1.4;1.9;0.744;1.5;4.1;5.6;1.8;0.9;0.6;1.9;2.7;8.7
438;Rajon Rondo;rondora01;PG;34;TOT;45;3;17.1;2.1;4.8;0.442;0.8;2;0.404;1.3;2.8;0.468;0.526;0.4;0.4;0.941;0.4;2;2.4;4.4;0.8;0.1;1.8;1.2;5.4
439;Derrick Rose;rosede01;PG;32;TOT;50;3;25.6;5.7;12.2;0.47;1;2.6;0.388;4.7;9.6;0.492;0.511;2.2;2.5;0.866;0.4;2.2;2.6;4.2;1;0.4;1.6;1.1;14.7
440;Terrence Ross;rosste01;SG;29;ORL;46;2;29.3;5.5;13.4;0.412;1.9;5.7;0.337;3.6;7.7;0.469;0.485;2.6;3;0.87;0.3;3.1;3.4;2.3;1;0.5;1.6;1.9;15.6
441;Terry Rozier;roziete01;SG;26;CHO;69;69;34.5;7.4;16.4;0.45;3.2;8.3;0.389;4.2;8.2;0.512;0.548;2.4;2.9;0.817;0.7;3.7;4.4;4.2;1.3;0.4;1.9;1.7;20.4
442;Ricky Rubio;rubiori01;PG;30;MIN;68;51;26.1;2.8;7.3;0.388;1;3.1;0.308;1.9;4.2;0.447;0.454;1.9;2.2;0.867;0.4;2.9;3.3;6.4;1.4;0.1;1.6;2;8.6
443;D'Angelo Russell;russeda01;PG;24;MIN;42;26;28.5;6.7;15.5;0.431;2.9;7.4;0.387;3.8;8.1;0.471;0.523;2.7;3.5;0.765;0.4;2.3;2.6;5.8;1.1;0.4;2.7;1.6;19
444;Domantas Sabonis;sabondo01;PF;24;IND;62;62;36;7.8;14.6;0.535;0.8;2.6;0.321;7;12;0.582;0.564;3.9;5.3;0.732;2.4;9.5;12;6.7;1.2;0.5;3.4;3.3;20.3
445;Luka Šamanić;samanlu01;PF;21;SAS;33;4;9.3;1.4;3.2;0.448;0.4;1.3;0.279;1.1;1.9;0.565;0.505;0.5;0.9;0.552;0.5;1.6;2.1;0.5;0.2;0.2;0.6;1.3;3.7
446;JaKarr Sampson;sampsja02;PF;27;IND;29;4;10.9;1.9;3.9;0.496;0.1;0.5;0.2;1.8;3.4;0.541;0.509;0.7;1;0.655;0.9;1.7;2.7;0.1;0.1;0.5;0.5;1.8;4.6
447;Dario Šarić;saricda01;C;26;PHO;50;4;17.4;3.1;6.8;0.447;0.9;2.7;0.348;2.1;4.1;0.512;0.516;1.7;2;0.848;0.9;2.9;3.8;1.3;0.6;0.1;1.1;1.9;8.7
448;Tomáš Satoranský;satorto01;SG;29;CHI;58;18;22.5;2.9;5.7;0.514;0.7;2;0.356;2.2;3.6;0.602;0.578;1.2;1.4;0.848;0.5;1.9;2.4;4.7;0.7;0.2;1.7;1.5;7.7
449;Dennis Schröder;schrode01;SG;27;LAL;61;61;32.1;5.4;12.5;0.437;1.2;3.5;0.335;4.3;9;0.476;0.484;3.4;4;0.848;0.5;3;3.5;5.8;1.1;0.2;2.7;2.6;15.4
450;Mike Scott;scottmi01;PF;32;PHI;51;12;16.7;1.5;4.1;0.36;1;3;0.342;0.5;1.1;0.411;0.486;0.2;0.2;0.667;0.2;2.1;2.4;0.8;0.5;0.3;0.4;1.4;4.2
451;Jay Scrubb;scrubja01;SG;20;LAC;4;1;21;3.5;9;0.389;0.5;2.3;0.222;3;6.8;0.444;0.417;1.3;1.3;1;0.5;3;3.5;0.3;1;0;1.8;1.3;8.8
452;Collin Sexton;sextoco01;SG;22;CLE;60;60;35.3;8.8;18.4;0.475;1.6;4.4;0.371;7.1;14;0.508;0.519;5.2;6.4;0.815;1;2.2;3.1;4.4;1;0.2;2.8;2.6;24.3
453;Landry Shamet;shamela01;SG;23;BRK;61;12;23;3;7.5;0.408;2.1;5.5;0.387;0.9;2;0.463;0.549;1.1;1.3;0.846;0.2;1.7;1.8;1.6;0.5;0.2;0.8;1.5;9.3
454;Iman Shumpert;shumpim01;SG;30;BRK;2;0;5.5;0.5;2;0.25;0;1.5;0;0.5;0.5;1;0.25;0;0;;0.5;0;0.5;0;0.5;0;0.5;0;1
455;Pascal Siakam;siakapa01;PF;26;TOR;56;56;35.8;7.8;17.2;0.455;1.3;4.4;0.297;6.5;12.8;0.509;0.493;4.4;5.4;0.827;1.7;5.5;7.2;4.5;1.1;0.7;2.3;3.1;21.4
456;Chris Silva;silvach01;PF;24;TOT;15;0;6.1;0.7;1.1;0.625;0.1;0.1;1;0.6;1;0.6;0.656;0.7;1;0.733;0.5;1.3;1.8;0.4;0.1;0.4;0.7;1.6;2.1
457;Ben Simmons;simmobe01;PG;24;PHI;58;58;32.4;5.6;10.1;0.557;0.1;0.2;0.3;5.6;9.9;0.562;0.56;3;4.9;0.613;1.6;5.6;7.2;6.9;1.6;0.6;3;2.9;14.3
458;Anfernee Simons;simonan01;SG;21;POR;64;0;17.3;2.6;6.3;0.419;1.9;4.4;0.426;0.8;1.9;0.403;0.569;0.7;0.9;0.807;0.2;2;2.2;1.4;0.3;0.1;0.7;1.5;7.8
459;Deividas Sirvydis;sirvyde01;SG;20;DET;20;0;6.7;0.7;2;0.35;0.5;1.4;0.357;0.2;0.6;0.333;0.475;0.2;0.3;0.5;0;1.5;1.5;0.3;0.1;0;0.3;0.5;2.1
460;Alen Smailagić;smailal01;PF;20;GSW;15;1;5.6;0.7;1.8;0.407;0.3;0.7;0.4;0.5;1.1;0.412;0.481;0.1;0.4;0.333;0.4;0.7;1.1;0.3;0.2;0.3;0.3;0.7;1.9
461;Marcus Smart;smartma01;PG;26;BOS;48;45;32.9;4.2;10.6;0.398;1.9;5.9;0.33;2.3;4.8;0.482;0.489;2.7;3.4;0.79;0.8;2.7;3.5;5.7;1.5;0.5;2;2.6;13.1
462;Dennis Smith Jr.;smithde03;PG;23;TOT;23;9;18.3;2.5;6.3;0.4;0.8;2.5;0.328;1.7;3.8;0.448;0.466;0.8;1.1;0.731;0.5;1.9;2.4;3.3;1;0.6;1.1;1.6;6.7
463;Ish Smith;smithis01;PG;32;WAS;44;1;21;2.9;6.8;0.434;0.4;1.1;0.367;2.5;5.6;0.448;0.465;0.4;0.8;0.576;0.5;2.9;3.4;3.9;0.7;0.3;0.9;1.4;6.7
464;Jalen Smith;smithja04;PF;20;PHO;27;1;5.8;0.8;1.9;0.44;0.1;0.6;0.235;0.7;1.2;0.545;0.48;0.2;0.3;0.714;0.3;1.1;1.4;0.1;0;0.2;0.3;0.6;2
465;Tony Snell;snellto01;SG;29;ATL;47;23;21.1;1.9;3.6;0.515;1.3;2.3;0.569;0.6;1.3;0.419;0.696;0.2;0.2;1;0.4;2;2.4;1.3;0.3;0.2;0.4;1.6;5.3
466;Ray Spalding;spaldra01;C;23;HOU;2;0;9.5;1;2;0.5;0;0.5;0;1;1.5;0.667;0.5;0;1;0;1;1;2;0;0;1;1.5;1.5;2
467;Cassius Stanley;stanlca01;SG;21;IND;24;0;3.9;0.5;1.8;0.302;0.1;0.5;0.231;0.4;1.3;0.333;0.337;0.3;0.4;0.778;0.3;0.5;0.8;0;0;0.1;0;0.6;1.5
468;Lamar Stevens;stevela01;PF;23;CLE;40;0;12.5;1.6;3.4;0.456;0.1;0.6;0.16;1.5;2.8;0.523;0.471;0.9;1.3;0.725;0.6;1.8;2.4;0.6;0.4;0.3;0.6;1.3;4.1
469;Isaiah Stewart;stewais01;C;19;DET;68;14;21.4;3.3;6;0.553;0.3;0.9;0.333;3;5.1;0.592;0.578;0.9;1.4;0.696;2.3;4.3;6.7;0.9;0.6;1.3;1;2.7;7.9
470;Max Strus;strusma01;SF;24;MIA;39;0;13;2.2;4.8;0.455;1.3;3.8;0.338;0.9;1;0.897;0.588;0.4;0.6;0.667;0.1;0.9;1.1;0.6;0.3;0.1;0.2;1.1;6.1
471;Edmond Sumner;sumneed01;SG;25;IND;53;24;16.2;2.8;5.3;0.525;0.7;1.7;0.398;2.1;3.7;0.582;0.587;1.3;1.6;0.819;0.3;1.4;1.8;0.9;0.6;0.2;1;1.7;7.5
472;Jae'Sean Tate;tateja01;SF;25;HOU;70;58;29.2;4.5;8.9;0.506;0.9;2.8;0.308;3.7;6.1;0.595;0.554;1.5;2.1;0.694;1.9;3.5;5.3;2.5;1.2;0.5;1.4;3.2;11.3
473;Jayson Tatum;tatumja01;SF;22;BOS;64;64;35.8;9.5;20.6;0.459;2.9;7.6;0.386;6.5;13;0.502;0.53;4.6;5.3;0.868;0.8;6.6;7.4;4.3;1.2;0.5;2.7;1.9;26.4
474;Jeff Teague;teaguje01;PG;32;TOT;55;7;17.3;2.2;5.2;0.433;0.7;1.5;0.439;1.6;3.7;0.431;0.496;1.6;1.9;0.848;0.3;1.3;1.6;2.4;0.6;0.2;1.2;1;6.7
475;Garrett Temple;templga01;SG;34;CHI;56;25;27.3;2.8;6.8;0.415;1.2;3.6;0.335;1.6;3.2;0.503;0.503;0.7;0.9;0.8;0.5;2.3;2.9;2.2;0.8;0.5;1;2.3;7.6
476;Tyrell Terry;terryty01;PG;20;DAL;11;0;5.1;0.5;1.5;0.313;0;0.6;0;0.5;0.8;0.556;0.313;0.1;0.3;0.333;0;0.5;0.5;0.5;0.5;0;0.2;0.2;1
477;Daniel Theis;theisda01;C;28;TOT;65;51;24.6;3.9;7.2;0.541;0.8;2.3;0.322;3.1;4.8;0.646;0.593;1.1;1.7;0.673;1.4;4;5.5;1.7;0.6;0.9;1;2.6;9.6
478;Brodric Thomas;thomabr01;SG;24;TOT;32;1;12.5;1.2;3.4;0.361;0.5;1.8;0.271;0.7;1.5;0.469;0.435;1;1.4;0.674;0.3;1.4;1.7;0.9;0.5;0.3;0.7;1.3;3.9
479;Isaiah Thomas;thomais02;PG;31;NOP;3;0;16;3;9;0.333;1;4;0.25;2;5;0.4;0.389;0.7;0.7;1;0.3;1;1.3;1.7;0.3;0;2;1;7.7
480;Khyri Thomas;thomakh01;SG;24;HOU;5;2;30.6;6.4;13.2;0.485;1.8;5.4;0.333;4.6;7.8;0.59;0.553;1.8;1.8;1;1.4;2.2;3.6;5;1.8;1.2;1.2;1.6;16.4
481;Matt Thomas;thomama02;SG;26;TOT;45;0;7.2;1.1;2.8;0.394;0.6;1.8;0.338;0.5;1;0.489;0.5;0.3;0.3;0.857;0.2;0.8;1;0.4;0.1;0;0.3;0.4;3.1
482;Tristan Thompson;thomptr01;PF;29;BOS;54;43;23.8;3.1;6;0.518;0;0.1;0;3.1;6;0.523;0.518;1.3;2.2;0.592;3.1;5;8.1;1.2;0.4;0.6;1.1;2.2;7.6
483;Sindarius Thornwell;thornsi01;SG;26;TOT;21;1;10.3;0.7;2.2;0.326;0.3;1.1;0.304;0.4;1.1;0.348;0.402;0.2;0.4;0.5;0.1;0.7;0.9;1;0.6;0.1;0.3;0.7;2
484;Matisse Thybulle;thybuma01;SG;23;PHI;65;8;20;1.6;3.7;0.42;0.7;2.2;0.301;0.9;1.5;0.59;0.508;0.1;0.3;0.444;0.5;1.4;1.9;1;1.6;1.1;0.5;2;3.9
485;Killian Tillie;tilliki02;C;22;MEM;18;1;10.1;1.1;3.2;0.333;0.6;1.8;0.303;0.5;1.3;0.375;0.421;0.5;0.6;0.818;0.3;1;1.3;0.4;0.3;0.4;0.1;1.1;3.2
486;Xavier Tillman Sr.;tillmxa01;PF;22;MEM;59;12;18.4;2.8;5.1;0.559;0.4;1.1;0.338;2.5;4;0.62;0.595;0.6;0.9;0.642;1.3;3.1;4.3;1.3;0.7;0.6;0.8;2;6.6
487;Anthony Tolliver;tollian01;PF;35;PHI;11;0;9;0.4;1.5;0.235;0.4;1.3;0.286;0;0.3;0;0.353;0.5;0.5;0.833;0.3;0.6;0.9;0.2;0.3;0.2;0.3;0.6;1.5
488;Obi Toppin;toppiob01;PF;22;NYK;62;0;11;1.7;3.4;0.498;0.4;1.4;0.306;1.3;2;0.629;0.56;0.3;0.4;0.731;0.4;1.8;2.2;0.5;0.3;0.2;0.4;0.9;4.1
489;Juan Toscano-Anderson;toscaju01;SG;27;GSW;53;16;20.9;2.3;3.9;0.579;0.7;1.7;0.402;1.6;2.2;0.718;0.667;0.4;0.6;0.71;0.5;3.9;4.4;2.8;0.8;0.5;1.2;2.1;5.7
490;Axel Toupane;toupaax01;SF;28;MIL;8;1;7.6;0.5;1.4;0.364;0.1;0.3;0.5;0.4;1.1;0.333;0.409;0.6;0.9;0.714;0;0.8;0.8;0.5;0.3;0.4;0;0.8;1.8
491;Karl-Anthony Towns;townska01;C;25;MIN;50;50;33.8;8.5;17.5;0.486;2.4;6.3;0.387;6.1;11.2;0.541;0.555;5.3;6.2;0.859;2.7;7.9;10.6;4.5;0.8;1.1;3.2;3.7;24.8
492;Gary Trent Jr.;trentga02;SG;22;TOT;58;38;31.1;5.5;13.5;0.408;2.8;7.4;0.385;2.7;6.1;0.435;0.513;1.4;1.8;0.783;0.5;2.2;2.6;1.4;1;0.2;0.7;1.6;15.3
493;P.J. Tucker;tuckepj01;PF;35;TOT;52;33;26.1;1.3;3.4;0.373;0.8;2.3;0.336;0.5;1.1;0.448;0.486;0.4;0.5;0.75;1;2.9;3.9;1.2;0.8;0.4;0.8;2.4;3.7
494;Rayjon Tucker;tuckera01;PG;23;PHI;14;0;4.9;0.6;1.3;0.5;0.1;0.5;0.286;0.5;0.8;0.636;0.556;1;1.4;0.737;0.1;0.7;0.8;0.4;0.1;0;0.3;0.6;2.4
495;Myles Turner;turnemy01;C;24;IND;47;47;31;4.4;9.2;0.477;1.5;4.4;0.335;2.9;4.8;0.606;0.557;2.4;3;0.782;1.3;5.2;6.5;1;0.9;3.4;1.4;3.5;12.6
496;Jonas Valančiūnas;valanjo01;C;28;MEM;62;61;28.3;7.1;12;0.592;0.3;0.9;0.368;6.8;11.1;0.611;0.606;2.5;3.3;0.773;4.1;8.4;12.5;1.8;0.6;0.9;1.6;2.9;17.1
497;Denzel Valentine;valende01;SG;27;CHI;62;3;16.7;2.5;6.7;0.373;1.3;3.9;0.331;1.2;2.8;0.431;0.469;0.3;0.3;0.941;0.4;2.8;3.2;1.7;0.5;0.1;0.7;1.1;6.5
498;Jarred Vanderbilt;vandeja01;PF;21;MIN;64;30;17.8;2.2;3.7;0.606;0;0.1;0.2;2.2;3.6;0.615;0.608;0.9;1.6;0.559;1.8;3.9;5.8;1.2;1;0.7;0.8;1.9;5.4
499;Fred VanVleet;vanvlfr01;SG;26;TOR;52;52;36.5;6.5;16.7;0.389;3.3;9.2;0.366;3.2;7.6;0.416;0.489;3.3;3.7;0.885;0.6;3.6;4.2;6.3;1.7;0.7;1.8;2.3;19.6
500;Anderson Varejão;varejan01;C;38;CLE;5;0;7.2;0.8;3.2;0.25;0;0.2;0;0.8;3;0.267;0.25;1;1.8;0.556;1.4;2.6;4;0.6;0;0.4;0.2;0.6;2.6
501;Devin Vassell;vassede01;SF;20;SAS;62;7;17;2;4.9;0.406;0.8;2.4;0.347;1.1;2.5;0.464;0.492;0.7;0.8;0.843;0.4;2.4;2.8;0.9;0.7;0.3;0.4;1.4;5.5
502;Gabe Vincent;vincega01;PG;24;MIA;50;7;13.1;1.8;4.7;0.378;0.9;3;0.309;0.8;1.7;0.5;0.476;0.4;0.5;0.87;0.2;0.9;1.1;1.3;0.4;0;0.7;1.6;4.8
503;Noah Vonleh;vonleno01;PF;25;BRK;4;0;2.8;0;0.8;0;0;0.5;0;0;0.3;0;0;0;0;;0;0.3;0.3;0.3;0;0;0.5;0.5;0
504;Nikola Vučević;vucevni01;C;30;TOT;70;70;33.5;9.5;19.9;0.477;2.5;6.3;0.4;7;13.7;0.513;0.54;1.9;2.2;0.84;2.1;9.6;11.7;3.8;0.9;0.7;1.8;2;23.4
505;Dean Wade;wadede01;PF;24;CLE;63;19;19.2;2.1;4.9;0.431;1.2;3.4;0.366;0.9;1.6;0.571;0.556;0.5;0.6;0.769;0.6;2.8;3.4;1.2;0.6;0.3;0.5;1.2;6
506;Moritz Wagner;wagnemo01;C;23;TOT;45;24;16;2.3;5.1;0.454;0.7;2;0.341;1.6;3.1;0.529;0.522;1.6;1.9;0.816;0.6;2.6;3.2;1.1;0.6;0.4;1;2.4;6.9
507;Kemba Walker;walkeke02;PG;30;BOS;43;43;31.8;6.6;15.7;0.42;3;8.2;0.36;3.7;7.5;0.486;0.514;3.1;3.5;0.899;0.4;3.6;4;4.9;1.1;0.3;2;1.4;19.3
508;Lonnie Walker;walkelo01;SG;22;SAS;60;38;25.4;4.3;10.2;0.42;1.7;4.7;0.355;2.6;5.5;0.477;0.502;1;1.2;0.814;0.2;2.4;2.6;1.7;0.5;0.3;1.1;1.7;11.2
509;John Wall;walljo01;PG;30;HOU;40;40;32.2;7.3;18.2;0.404;2;6.2;0.317;5.4;11.9;0.449;0.458;4;5.3;0.749;0.4;2.8;3.2;6.9;1.1;0.8;3.5;1.2;20.6
510;Brad Wanamaker;wanambr01;PG;31;TOT;61;0;17.3;1.9;4.9;0.385;0.3;1.4;0.188;1.6;3.5;0.463;0.411;1.5;1.7;0.891;0.3;1.4;1.7;2.9;0.7;0.2;1.2;1.5;5.5
511;T.J. Warren;warretj01;SF;27;IND;4;4;29.3;6.8;12.8;0.529;0;1.8;0;6.8;11;0.614;0.529;2;2.5;0.8;0.5;3;3.5;1.3;0.5;0;1;4;15.5
512;P.J. Washington;washipj01;PF;22;CHO;64;61;30.5;4.7;10.7;0.44;1.8;4.5;0.386;3;6.2;0.48;0.522;1.7;2.3;0.745;1.5;5.1;6.5;2.5;1.1;1.2;2;2.7;12.9
513;Yuta Watanabe;watanyu01;SF;26;TOR;50;4;14.5;1.6;3.6;0.439;0.7;1.8;0.4;0.9;1.8;0.478;0.539;0.5;0.6;0.828;0.7;2.5;3.2;0.8;0.5;0.4;0.4;1.1;4.4
514;Tremont Waters;watertr01;PG;23;BOS;26;3;9.2;1.3;3.2;0.405;0.6;1.5;0.395;0.7;1.8;0.413;0.494;0.6;0.7;0.941;0.2;0.6;0.8;2.4;0.6;0;1;0.7;3.8
515;Paul Watson;watsopa01;SF;26;TOR;27;2;11;1.4;3;0.463;1.1;2.4;0.469;0.3;0.7;0.444;0.646;0.2;0.3;0.625;0.1;1.5;1.7;0.6;0.2;0.1;0.3;1.3;4.1
516;Quinndary Weatherspoon;weathqu01;SG;24;SAS;20;0;6.1;0.8;1.8;0.457;0.1;0.3;0.167;0.8;1.5;0.517;0.471;0.7;0.8;0.813;0.2;0.4;0.6;0.4;0.4;0.1;0.5;0.9;2.3
517;Russell Westbrook;westbru01;PG;32;WAS;65;65;36.4;8.4;19;0.439;1.3;4.2;0.315;7;14.8;0.475;0.474;4.2;6.4;0.656;1.7;9.9;11.5;11.7;1.4;0.4;4.8;2.9;22.2
518;Coby White;whiteco01;PG;20;CHI;69;54;31.2;5.4;13.1;0.416;2.4;6.6;0.359;3.1;6.5;0.473;0.506;1.9;2.1;0.901;0.4;3.7;4.1;4.8;0.6;0.2;2.3;2.6;15.1
519;Derrick White;whitede01;SG;26;SAS;36;32;29.6;5.2;12.6;0.411;2.3;6.8;0.346;2.8;5.8;0.486;0.503;2.7;3.2;0.851;0.4;2.6;3;3.5;0.7;1;1.3;2.5;15.4
520;Hassan Whiteside;whiteha01;C;31;SAC;36;4;15.2;3.5;6.2;0.563;0;0;0;3.5;6.2;0.565;0.563;1.1;2.2;0.519;1.7;4.3;6;0.6;0.3;1.3;1.1;2;8.1
521;Greg Whittington;whittgr01;PF;27;DEN;4;0;3;0;0.8;0;0;0.5;0;0;0.3;0;0;0;0;;0;0;0;0;0;0;0;0;0
522;Andrew Wiggins;wiggian01;PF;25;GSW;71;71;33.3;7.1;14.9;0.477;2;5.2;0.38;5.1;9.7;0.529;0.543;2.4;3.4;0.714;1.2;3.7;4.9;2.4;0.9;1;1.8;2.2;18.6
523;Grant Williams;willigr01;PF;22;BOS;63;9;18.1;1.7;3.9;0.437;0.8;2;0.372;1;1.9;0.508;0.534;0.5;0.8;0.588;0.8;2.1;2.8;1;0.5;0.4;0.9;2.6;4.7
524;Kenrich Williams;willike04;PF;26;OKC;66;13;21.6;3.3;6.2;0.533;0.8;1.8;0.444;2.5;4.5;0.568;0.596;0.5;1;0.571;1.3;2.9;4.1;2.3;0.8;0.3;1.2;2.2;8
525;Lou Williams;willilo02;PG;34;TOT;66;4;21.6;4;9.8;0.41;1;2.6;0.399;3;7.2;0.414;0.464;2.3;2.6;0.867;0.3;1.8;2.1;3.4;0.7;0.1;1.6;0.9;11.3
526;Patrick Williams;willipa01;PF;19;CHI;71;71;27.9;3.6;7.4;0.483;0.8;1.9;0.391;2.8;5.5;0.515;0.534;1.3;1.8;0.728;0.9;3.7;4.6;1.4;0.9;0.6;1.4;1.8;9.2
527;Robert Williams;williro04;C;23;BOS;52;13;18.9;3.6;5;0.721;0;0;0;3.6;4.9;0.727;0.721;0.9;1.4;0.616;2.6;4.3;6.9;1.8;0.8;1.8;1;2;8
528;Zion Williamson;willizi01;PF;20;NOP;61;61;33.2;10.4;17;0.611;0.2;0.6;0.294;10.2;16.4;0.622;0.616;6;8.7;0.698;2.7;4.5;7.2;3.7;0.9;0.6;2.7;2.2;27
529;D.J. Wilson;wilsodj01;PF;24;TOT;35;1;12.4;1.9;4.8;0.405;0.9;2.5;0.345;1.1;2.3;0.469;0.494;0.5;0.7;0.68;0.6;2.6;3.2;0.7;0.3;0.5;0.6;1.3;5.2
530;Dylan Windler;windldy01;SF;24;CLE;31;0;16.5;1.8;4.2;0.438;0.8;2.5;0.338;1;1.7;0.585;0.538;0.7;0.9;0.778;0.6;2.8;3.5;1.1;0.6;0.4;1;1.2;5.2
531;Justise Winslow;winslju01;SF;24;MEM;26;1;19.5;2.8;8.1;0.352;0.4;2.1;0.185;2.5;6;0.41;0.376;0.8;1.3;0.571;0.7;3.8;4.5;1.9;0.6;0.5;1.4;1.8;6.8
532;Cassius Winston;winstca01;PG;22;WAS;22;0;4.5;0.6;1.5;0.424;0.4;0.8;0.471;0.3;0.7;0.375;0.545;0.2;0.3;0.833;0;0.4;0.4;0.5;0.1;0;0.2;0.4;1.9
533;James Wiseman;wisemja01;C;19;GSW;39;27;21.4;4.9;9.4;0.519;0.3;1;0.316;4.6;8.5;0.542;0.535;1.4;2.2;0.628;1.4;4.4;5.8;0.7;0.3;0.9;1.5;3.1;11.5
534;Christian Wood;woodch01;C;25;HOU;41;41;32.3;8;15.6;0.514;1.9;5;0.374;6.1;10.6;0.581;0.574;3;4.8;0.631;1.9;7.8;9.6;1.7;0.8;1.2;2;2.1;21
535;Robert Woodard;woodaro01;SF;21;SAC;13;0;3.5;0.6;1.5;0.4;0.1;0.5;0.167;0.5;1.1;0.5;0.425;0.2;0.6;0.375;0.3;0.9;1.2;0.2;0;0.2;0.1;0.3;1.5
536;Delon Wright;wrighde01;SG-PG;28;TOT;63;39;27.7;3.8;8.2;0.463;1;2.7;0.372;2.8;5.5;0.509;0.525;1.6;2;0.802;1;3.2;4.3;4.4;1.6;0.5;1.3;1.2;10.2
537;Thaddeus Young;youngth01;PF;32;CHI;68;23;24.3;5.4;9.7;0.559;0.2;0.7;0.267;5.3;9.1;0.58;0.568;1;1.7;0.628;2.5;3.8;6.2;4.3;1.1;0.6;2;2.2;12.1
538;Trae Young;youngtr01;PG;22;ATL;63;63;33.7;7.7;17.7;0.438;2.2;6.3;0.343;5.6;11.3;0.491;0.499;7.7;8.7;0.886;0.6;3.3;3.9;9.4;0.8;0.2;4.1;1.8;25.3
539;Cody Zeller;zelleco01;C;28;CHO;48;21;20.9;3.8;6.8;0.559;0.1;0.6;0.143;3.7;6.2;0.598;0.565;1.8;2.5;0.714;2.5;4.4;6.8;1.8;0.6;0.4;1.1;2.5;9.4
540;Ivica Zubac;zubaciv01;C;23;LAC;72;33;22.3;3.6;5.5;0.652;0;0.1;0.25;3.6;5.4;0.656;0.654;1.9;2.4;0.789;2.6;4.6;7.2;1.3;0.3;0.9;1.1;2.6;9
